CAT,Category,ACT,Activity,UNIT,Unit,VAR,Variable,SRC,Source,TIME,Time,Value,Flag Codes,Flags
FLFW,1. Food loss - Food waste,WHOLESALEANDRETAIL,Wholesale & Retail,PCT,%,FWVAR92,Food Loss - Fresh Fruit,SOURCE13,Buzby & al. 2009,2005,2005,10.7,,
FLFW,1. Food loss - Food waste,WHOLESALEANDRETAIL,Wholesale & Retail,PCT,%,FWVAR95USA,Food Loss - Fresh vegetables and salad,SOURCE13,Buzby & al. 2009,2005,2005,10.3,,
FLFW,1. Food loss - Food waste,WHOLESALEANDRETAIL,Wholesale & Retail,PCT,%,FWVAR106,Food Loss - Meat + poultry and fish,SOURCE13,Buzby & al. 2009,2005,2005,9.1,,
FLFW,1. Food loss - Food waste,WHOLESALEANDRETAIL,Wholesale & Retail,MILLIONKG,Million kg,FWVAR56,Food Loss,SOURCE14,"Buzby & al., 2011",2008,2008,19474.53501,,
FLFW,1. Food loss - Food waste,WHOLESALEANDRETAIL,Wholesale & Retail,MILLIONKG,Million kg,FWVAR64,Food Loss - Added fats and oils,SOURCE14,"Buzby & al., 2011",2008,2008,2463.006594,,
FLFW,1. Food loss - Food waste,WHOLESALEANDRETAIL,Wholesale & Retail,MILLIONKG,Million kg,FWVAR69,Food Loss - Added sweetners,SOURCE14,"Buzby & al., 2011",2008,2008,2067.474043,,
FLFW,1. Food loss - Food waste,WHOLESALEANDRETAIL,Wholesale & Retail,MILLIONKG,Million kg,FWVAR75,Food Loss - Dairy products,SOURCE14,"Buzby & al., 2011",2008,2008,4245.624625,,
FLFW,1. Food loss - Food waste,WHOLESALEANDRETAIL,Wholesale & Retail,MILLIONKG,Million kg,FWVAR81,Food Loss - Eggs,SOURCE14,"Buzby & al., 2011",2008,2008,395.5325506,,
FLFW,1. Food loss - Food waste,WHOLESALEANDRETAIL,Wholesale & Retail,MILLIONKG,Million kg,FWVAR86,Food Loss - Fish,SOURCE14,"Buzby & al., 2011",2008,2008,180.0761727,,
FLFW,1. Food loss - Food waste,WHOLESALEANDRETAIL,Wholesale & Retail,MILLIONKG,Million kg,FWVAR90,Food Loss - Fresh and processed Fruit,SOURCE14,"Buzby & al., 2011",2008,2008,2604.527414,,
FLFW,1. Food loss - Food waste,WHOLESALEANDRETAIL,Wholesale & Retail,MILLIONKG,Million kg,FWVAR91,Food Loss - Fresh and processed vegetables,SOURCE14,"Buzby & al., 2011",2008,2008,3123.437091,,
FLFW,1. Food loss - Food waste,WHOLESALEANDRETAIL,Wholesale & Retail,MILLIONKG,Million kg,FWVAR100,Food Loss - Grain products,SOURCE14,"Buzby & al., 2011",2008,2008,3252.710918,,
FLFW,1. Food loss - Food waste,WHOLESALEANDRETAIL,Wholesale & Retail,MILLIONKG,Million kg,FWVAR104,Food Loss - Meat,SOURCE14,"Buzby & al., 2011",2008,2008,667.2343829,,
FLFW,1. Food loss - Food waste,WHOLESALEANDRETAIL,Wholesale & Retail,MILLIONKG,Million kg,FWVAR106,Food Loss - Meat + poultry and fish,SOURCE14,"Buzby & al., 2011",2008,2008,1235.585628,,
FLFW,1. Food loss - Food waste,WHOLESALEANDRETAIL,Wholesale & Retail,MILLIONKG,Million kg,FWVAR115,Food Loss - Poultry,SOURCE14,"Buzby & al., 2011",2008,2008,388.2750726,,
FLFW,1. Food loss - Food waste,WHOLESALEANDRETAIL,Wholesale & Retail,MILLIONKG,Million kg,FWVAR128,Food Loss - Tree nuts and peanuts,SOURCE14,"Buzby & al., 2011",2008,2008,86.18255115,,
FLFW,1. Food loss - Food waste,WHOLESALEANDRETAIL,Wholesale & Retail,PCT,%,FWVAR56,Food Loss,SOURCE15,"Buzby & al., 2012",2008,2008,9,,
FLFW,1. Food loss - Food waste,WHOLESALEANDRETAIL,Wholesale & Retail,PCT,%,FWVAR56,Food Loss,SOURCE15,"Buzby & al., 2012",2012,2012,9,,
FLFW,1. Food loss - Food waste,WHOLESALEANDRETAIL,Wholesale & Retail,PCT,%,FWVAR69,Food Loss - Added sweetners,SOURCE15,"Buzby & al., 2012",2008,2008,11,,
FLFW,1. Food loss - Food waste,WHOLESALEANDRETAIL,Wholesale & Retail,PCT,%,FWVAR86,Food Loss - Fish,SOURCE15,"Buzby & al., 2012",2008,2008,8,,
FLFW,1. Food loss - Food waste,WHOLESALEANDRETAIL,Wholesale & Retail,PCT,%,FWVAR90,Food Loss - Fresh and processed Fruit,SOURCE15,"Buzby & al., 2012",2008,2008,9,,
FLFW,1. Food loss - Food waste,WHOLESALEANDRETAIL,Wholesale & Retail,PCT,%,FWVAR91,Food Loss - Fresh and processed vegetables,SOURCE15,"Buzby & al., 2012",2008,2008,9,,
FLFW,1. Food loss - Food waste,WHOLESALEANDRETAIL,Wholesale & Retail,PCT,%,FWVAR91,Food Loss - Fresh and processed vegetables,SOURCE15,"Buzby & al., 2012",2012,2012,9,,
FLFW,1. Food loss - Food waste,WHOLESALEANDRETAIL,Wholesale & Retail,PCT,%,FWVAR100,Food Loss - Grain products,SOURCE15,"Buzby & al., 2012",2008,2008,12,,
FLFW,1. Food loss - Food waste,WHOLESALEANDRETAIL,Wholesale & Retail,PCT,%,FWVAR167USA,Food Loss in food supply,SOURCE15,"Buzby & al., 2012",2008,2008,9,,
FLFW,1. Food loss - Food waste,WHOLESALEANDRETAIL,Wholesale & Retail,PCT,%,FWVAR171,Food Loss in supply - Added fats and oils,SOURCE15,"Buzby & al., 2012",2008,2008,19,,
FLFW,1. Food loss - Food waste,WHOLESALEANDRETAIL,Wholesale & Retail,PCT,%,FWVAR174,Food Loss in supply - Eggs,SOURCE15,"Buzby & al., 2012",2008,2008,9,,
FLFW,1. Food loss - Food waste,WHOLESALEANDRETAIL,Wholesale & Retail,PCT,%,FWVAR175,Food Loss in supply - Fish and seafood,SOURCE15,"Buzby & al., 2012",2008,2008,8,,
FLFW,1. Food loss - Food waste,WHOLESALEANDRETAIL,Wholesale & Retail,PCT,%,FWVAR176,Food Loss in supply - Fruit,SOURCE15,"Buzby & al., 2012",2008,2008,9,,
FLFW,1. Food loss - Food waste,WHOLESALEANDRETAIL,Wholesale & Retail,PCT,%,FWVAR178,Food Loss in supply - Meat,SOURCE15,"Buzby & al., 2012",2008,2008,5,,
FLFW,1. Food loss - Food waste,WHOLESALEANDRETAIL,Wholesale & Retail,PCT,%,FWVAR179USA,Food Loss in supply - Meat + poultry and fish,SOURCE15,"Buzby & al., 2012",2008,2008,5,,
FLFW,1. Food loss - Food waste,WHOLESALEANDRETAIL,Wholesale & Retail,PCT,%,FWVAR180,Food Loss in supply - Poultry,SOURCE15,"Buzby & al., 2012",2008,2008,4,,
FLFW,1. Food loss - Food waste,WHOLESALEANDRETAIL,Wholesale & Retail,PCT,%,FWVAR181USA,Food Loss in supply - Tree nuts and peanuts,SOURCE15,"Buzby & al., 2012",2008,2008,6,,
FLFW,1. Food loss - Food waste,WHOLESALEANDRETAIL,Wholesale & Retail,PCT,%,FWVAR182,Food Loss in supply - Vegetables,SOURCE15,"Buzby & al., 2012",2008,2008,9,,
FLFW,1. Food loss - Food waste,WHOLESALEANDRETAIL,Wholesale & Retail,KGBYCAPITA,kg/capita,FWVAR56,Food Loss,SOURCE15,"Buzby & al., 2012",2008,2008,64,,
FLFW,1. Food loss - Food waste,WHOLESALEANDRETAIL,Wholesale & Retail,KGBYCAPITA,kg/capita,FWVAR64,Food Loss - Added fats and oils,SOURCE15,"Buzby & al., 2012",2008,2008,8.1,,
FLFW,1. Food loss - Food waste,WHOLESALEANDRETAIL,Wholesale & Retail,KGBYCAPITA,kg/capita,FWVAR67,Food Loss - Added sugar and sweetners,SOURCE15,"Buzby & al., 2012",2008,2008,6.8,,
FLFW,1. Food loss - Food waste,WHOLESALEANDRETAIL,Wholesale & Retail,KGBYCAPITA,kg/capita,FWVAR75,Food Loss - Dairy products,SOURCE15,"Buzby & al., 2012",2008,2008,14,,
FLFW,1. Food loss - Food waste,WHOLESALEANDRETAIL,Wholesale & Retail,KGBYCAPITA,kg/capita,FWVAR81,Food Loss - Eggs,SOURCE15,"Buzby & al., 2012",2008,2008,1.3,,
FLFW,1. Food loss - Food waste,WHOLESALEANDRETAIL,Wholesale & Retail,KGBYCAPITA,kg/capita,FWVAR88,Food Loss - Fish and seafood,SOURCE15,"Buzby & al., 2012",2008,2008,0.6,,
FLFW,1. Food loss - Food waste,WHOLESALEANDRETAIL,Wholesale & Retail,KGBYCAPITA,kg/capita,FWVAR96,Food Loss - Fruit,SOURCE15,"Buzby & al., 2012",2008,2008,8.6,,
FLFW,1. Food loss - Food waste,WHOLESALEANDRETAIL,Wholesale & Retail,KGBYCAPITA,kg/capita,FWVAR100,Food Loss - Grain products,SOURCE15,"Buzby & al., 2012",2008,2008,10.7,,
FLFW,1. Food loss - Food waste,WHOLESALEANDRETAIL,Wholesale & Retail,KGBYCAPITA,kg/capita,FWVAR104,Food Loss - Meat,SOURCE15,"Buzby & al., 2012",2008,2008,2.2,,
FLFW,1. Food loss - Food waste,WHOLESALEANDRETAIL,Wholesale & Retail,KGBYCAPITA,kg/capita,FWVAR106,Food Loss - Meat + poultry and fish,SOURCE15,"Buzby & al., 2012",2008,2008,4.1,,
FLFW,1. Food loss - Food waste,WHOLESALEANDRETAIL,Wholesale & Retail,KGBYCAPITA,kg/capita,FWVAR115,Food Loss - Poultry,SOURCE15,"Buzby & al., 2012",2008,2008,1.3,,
FLFW,1. Food loss - Food waste,WHOLESALEANDRETAIL,Wholesale & Retail,KGBYCAPITA,kg/capita,FWVAR128,Food Loss - Tree nuts and peanuts,SOURCE15,"Buzby & al., 2012",2008,2008,0.3,,
FLFW,1. Food loss - Food waste,WHOLESALEANDRETAIL,Wholesale & Retail,KGBYCAPITA,kg/capita,FWVAR132,Food Loss - Vegetables,SOURCE15,"Buzby & al., 2012",2008,2008,10.3,,
FLFW,1. Food loss - Food waste,WHOLESALEANDRETAIL,Wholesale & Retail,BILLIONCALORIES,billion calories,FWVAR56,Food Loss,SOURCE16,"Buzby & al., 2014",2010,2010,142.3,,
FLFW,1. Food loss - Food waste,WHOLESALEANDRETAIL,Wholesale & Retail,BILLIONCALORIES,billion calories,FWVAR64,Food Loss - Added fats and oils,SOURCE16,"Buzby & al., 2014",2010,2010,60.2,,
FLFW,1. Food loss - Food waste,WHOLESALEANDRETAIL,Wholesale & Retail,BILLIONCALORIES,billion calories,FWVAR66,Food Loss - Added sugar and sweeteners,SOURCE16,"Buzby & al., 2014",2010,2010,21.2,,
FLFW,1. Food loss - Food waste,WHOLESALEANDRETAIL,Wholesale & Retail,BILLIONCALORIES,billion calories,FWVAR81,Food Loss - Eggs,SOURCE16,"Buzby & al., 2014",2010,2010,1.1,,
FLFW,1. Food loss - Food waste,WHOLESALEANDRETAIL,Wholesale & Retail,BILLIONCALORIES,billion calories,FWVAR87,Food Loss - Fish and seafodd,SOURCE16,"Buzby & al., 2014",2010,2010,0.6,,
FLFW,1. Food loss - Food waste,WHOLESALEANDRETAIL,Wholesale & Retail,BILLIONCALORIES,billion calories,FWVAR89,Food Loss - Fluid milk,SOURCE16,"Buzby & al., 2014",2010,2010,4,,
FLFW,1. Food loss - Food waste,WHOLESALEANDRETAIL,Wholesale & Retail,BILLIONCALORIES,billion calories,FWVAR92,Food Loss - Fresh Fruit,SOURCE16,"Buzby & al., 2014",2010,2010,2.1,,
FLFW,1. Food loss - Food waste,WHOLESALEANDRETAIL,Wholesale & Retail,BILLIONCALORIES,billion calories,FWVAR94,Food Loss - Fresh vegetables,SOURCE16,"Buzby & al., 2014",2010,2010,2,,
FLFW,1. Food loss - Food waste,WHOLESALEANDRETAIL,Wholesale & Retail,BILLIONCALORIES,billion calories,FWVAR100,Food Loss - Grain products,SOURCE16,"Buzby & al., 2014",2010,2010,32.8,,
FLFW,1. Food loss - Food waste,WHOLESALEANDRETAIL,Wholesale & Retail,BILLIONCALORIES,billion calories,FWVAR104,Food Loss - Meat,SOURCE16,"Buzby & al., 2014",2010,2010,5.1,,
FLFW,1. Food loss - Food waste,WHOLESALEANDRETAIL,Wholesale & Retail,BILLIONCALORIES,billion calories,FWVAR114,Food Loss - Other Dairy products,SOURCE16,"Buzby & al., 2014",2010,2010,6.5,,
FLFW,1. Food loss - Food waste,WHOLESALEANDRETAIL,Wholesale & Retail,BILLIONCALORIES,billion calories,FWVAR115,Food Loss - Poultry,SOURCE16,"Buzby & al., 2014",2010,2010,2.4,,
FLFW,1. Food loss - Food waste,WHOLESALEANDRETAIL,Wholesale & Retail,BILLIONCALORIES,billion calories,FWVAR117,Food Loss - Processed Fruit,SOURCE16,"Buzby & al., 2014",2010,2010,1.1,,
FLFW,1. Food loss - Food waste,WHOLESALEANDRETAIL,Wholesale & Retail,BILLIONCALORIES,billion calories,FWVAR119,Food Loss - Processed vegetables,SOURCE16,"Buzby & al., 2014",2010,2010,1.8,,
FLFW,1. Food loss - Food waste,WHOLESALEANDRETAIL,Wholesale & Retail,BILLIONCALORIES,billion calories,FWVAR128,Food Loss - Tree nuts and peanuts,SOURCE16,"Buzby & al., 2014",2010,2010,1.5,,
FLFW,1. Food loss - Food waste,WHOLESALEANDRETAIL,Wholesale & Retail,CALORIESBYCAPITABYDAY,calories/capita/day,FWVAR56,Food Loss,SOURCE16,"Buzby & al., 2014",2010,2010,460,,
FLFW,1. Food loss - Food waste,WHOLESALEANDRETAIL,Wholesale & Retail,CALORIESBYCAPITABYDAY,calories/capita/day,FWVAR64,Food Loss - Added fats and oils,SOURCE16,"Buzby & al., 2014",2010,2010,194,,
FLFW,1. Food loss - Food waste,WHOLESALEANDRETAIL,Wholesale & Retail,CALORIESBYCAPITABYDAY,calories/capita/day,FWVAR66,Food Loss - Added sugar and sweeteners,SOURCE16,"Buzby & al., 2014",2010,2010,69,,
FLFW,1. Food loss - Food waste,WHOLESALEANDRETAIL,Wholesale & Retail,CALORIESBYCAPITABYDAY,calories/capita/day,FWVAR81,Food Loss - Eggs,SOURCE16,"Buzby & al., 2014",2010,2010,3,,
FLFW,1. Food loss - Food waste,WHOLESALEANDRETAIL,Wholesale & Retail,CALORIESBYCAPITABYDAY,calories/capita/day,FWVAR87,Food Loss - Fish and seafodd,SOURCE16,"Buzby & al., 2014",2010,2010,2,,
FLFW,1. Food loss - Food waste,WHOLESALEANDRETAIL,Wholesale & Retail,CALORIESBYCAPITABYDAY,calories/capita/day,FWVAR89,Food Loss - Fluid milk,SOURCE16,"Buzby & al., 2014",2010,2010,13,,
FLFW,1. Food loss - Food waste,WHOLESALEANDRETAIL,Wholesale & Retail,CALORIESBYCAPITABYDAY,calories/capita/day,FWVAR92,Food Loss - Fresh Fruit,SOURCE16,"Buzby & al., 2014",2010,2010,7,,
FLFW,1. Food loss - Food waste,WHOLESALEANDRETAIL,Wholesale & Retail,CALORIESBYCAPITABYDAY,calories/capita/day,FWVAR94,Food Loss - Fresh vegetables,SOURCE16,"Buzby & al., 2014",2010,2010,6,,
FLFW,1. Food loss - Food waste,WHOLESALEANDRETAIL,Wholesale & Retail,CALORIESBYCAPITABYDAY,calories/capita/day,FWVAR100,Food Loss - Grain products,SOURCE16,"Buzby & al., 2014",2010,2010,106,,
FLFW,1. Food loss - Food waste,WHOLESALEANDRETAIL,Wholesale & Retail,CALORIESBYCAPITABYDAY,calories/capita/day,FWVAR104,Food Loss - Meat,SOURCE16,"Buzby & al., 2014",2010,2010,16,,
FLFW,1. Food loss - Food waste,WHOLESALEANDRETAIL,Wholesale & Retail,CALORIESBYCAPITABYDAY,calories/capita/day,FWVAR114,Food Loss - Other Dairy products,SOURCE16,"Buzby & al., 2014",2010,2010,21,,
FLFW,1. Food loss - Food waste,WHOLESALEANDRETAIL,Wholesale & Retail,CALORIESBYCAPITABYDAY,calories/capita/day,FWVAR115,Food Loss - Poultry,SOURCE16,"Buzby & al., 2014",2010,2010,8,,
FLFW,1. Food loss - Food waste,WHOLESALEANDRETAIL,Wholesale & Retail,CALORIESBYCAPITABYDAY,calories/capita/day,FWVAR117,Food Loss - Processed Fruit,SOURCE16,"Buzby & al., 2014",2010,2010,3,,
FLFW,1. Food loss - Food waste,WHOLESALEANDRETAIL,Wholesale & Retail,CALORIESBYCAPITABYDAY,calories/capita/day,FWVAR119,Food Loss - Processed vegetables,SOURCE16,"Buzby & al., 2014",2010,2010,6,,
FLFW,1. Food loss - Food waste,WHOLESALEANDRETAIL,Wholesale & Retail,CALORIESBYCAPITABYDAY,calories/capita/day,FWVAR128,Food Loss - Tree nuts and peanuts,SOURCE16,"Buzby & al., 2014",2010,2010,5,,
FLFW,1. Food loss - Food waste,WHOLESALEANDRETAIL,Wholesale & Retail,KGBYCAPITA,kg/capita,FWVAR56,Food Loss,SOURCE16,"Buzby & al., 2014",2010,2010,63.04934006,,
FLFW,1. Food loss - Food waste,WHOLESALEANDRETAIL,Wholesale & Retail,KGBYCAPITA,kg/capita,FWVAR64,Food Loss - Added fats and oils,SOURCE16,"Buzby & al., 2014",2010,2010,8.164662741,,
FLFW,1. Food loss - Food waste,WHOLESALEANDRETAIL,Wholesale & Retail,KGBYCAPITA,kg/capita,FWVAR66,Food Loss - Added sugar and sweeteners,SOURCE16,"Buzby & al., 2014",2010,2010,6.350293243,,
FLFW,1. Food loss - Food waste,WHOLESALEANDRETAIL,Wholesale & Retail,KGBYCAPITA,kg/capita,FWVAR81,Food Loss - Eggs,SOURCE16,"Buzby & al., 2014",2010,2010,0.907184749,,
FLFW,1. Food loss - Food waste,WHOLESALEANDRETAIL,Wholesale & Retail,KGBYCAPITA,kg/capita,FWVAR87,Food Loss - Fish and seafodd,SOURCE16,"Buzby & al., 2014",2010,2010,0.453592375,,
FLFW,1. Food loss - Food waste,WHOLESALEANDRETAIL,Wholesale & Retail,KGBYCAPITA,kg/capita,FWVAR89,Food Loss - Fluid milk,SOURCE16,"Buzby & al., 2014",2010,2010,9.525439864,,
FLFW,1. Food loss - Food waste,WHOLESALEANDRETAIL,Wholesale & Retail,KGBYCAPITA,kg/capita,FWVAR92,Food Loss - Fresh Fruit,SOURCE16,"Buzby & al., 2014",2010,2010,6.350293243,,
FLFW,1. Food loss - Food waste,WHOLESALEANDRETAIL,Wholesale & Retail,KGBYCAPITA,kg/capita,FWVAR94,Food Loss - Fresh vegetables,SOURCE16,"Buzby & al., 2014",2010,2010,7.711070366,,
FLFW,1. Food loss - Food waste,WHOLESALEANDRETAIL,Wholesale & Retail,KGBYCAPITA,kg/capita,FWVAR100,Food Loss - Grain products,SOURCE16,"Buzby & al., 2014",2010,2010,10.43262461,,
FLFW,1. Food loss - Food waste,WHOLESALEANDRETAIL,Wholesale & Retail,KGBYCAPITA,kg/capita,FWVAR104,Food Loss - Meat,SOURCE16,"Buzby & al., 2014",2010,2010,2.267961873,,
FLFW,1. Food loss - Food waste,WHOLESALEANDRETAIL,Wholesale & Retail,KGBYCAPITA,kg/capita,FWVAR114,Food Loss - Other Dairy products,SOURCE16,"Buzby & al., 2014",2010,2010,4.082331371,,
FLFW,1. Food loss - Food waste,WHOLESALEANDRETAIL,Wholesale & Retail,KGBYCAPITA,kg/capita,FWVAR115,Food Loss - Poultry,SOURCE16,"Buzby & al., 2014",2010,2010,1.360777124,,
FLFW,1. Food loss - Food waste,WHOLESALEANDRETAIL,Wholesale & Retail,KGBYCAPITA,kg/capita,FWVAR117,Food Loss - Processed Fruit,SOURCE16,"Buzby & al., 2014",2010,2010,2.267961873,,
FLFW,1. Food loss - Food waste,WHOLESALEANDRETAIL,Wholesale & Retail,KGBYCAPITA,kg/capita,FWVAR119,Food Loss - Processed vegetables,SOURCE16,"Buzby & al., 2014",2010,2010,2.721554247,,
FLFW,1. Food loss - Food waste,WHOLESALEANDRETAIL,Wholesale & Retail,KGBYCAPITA,kg/capita,FWVAR128,Food Loss - Tree nuts and peanuts,SOURCE16,"Buzby & al., 2014",2010,2010,0.453592375,,
FLFW,1. Food loss - Food waste,WHOLESALEANDRETAIL,Wholesale & Retail,MILLIONKG,Million kg,FWVAR56,Food Loss,SOURCE16,"Buzby & al., 2014",2010,2010,19504.4721,,
FLFW,1. Food loss - Food waste,WHOLESALEANDRETAIL,Wholesale & Retail,MILLIONKG,Million kg,FWVAR64,Food Loss - Added fats and oils,SOURCE16,"Buzby & al., 2014",2010,2010,2449.398822,,
FLFW,1. Food loss - Food waste,WHOLESALEANDRETAIL,Wholesale & Retail,MILLIONKG,Million kg,FWVAR66,Food Loss - Added sugar and sweeteners,SOURCE16,"Buzby & al., 2014",2010,2010,2041.165685,,
FLFW,1. Food loss - Food waste,WHOLESALEANDRETAIL,Wholesale & Retail,MILLIONKG,Million kg,FWVAR81,Food Loss - Eggs,SOURCE16,"Buzby & al., 2014",2010,2010,317.5146622,,
FLFW,1. Food loss - Food waste,WHOLESALEANDRETAIL,Wholesale & Retail,MILLIONKG,Million kg,FWVAR87,Food Loss - Fish and seafodd,SOURCE16,"Buzby & al., 2014",2010,2010,181.4369498,,
FLFW,1. Food loss - Food waste,WHOLESALEANDRETAIL,Wholesale & Retail,MILLIONKG,Million kg,FWVAR89,Food Loss - Fluid milk,SOURCE16,"Buzby & al., 2014",2010,2010,2948.350434,,
FLFW,1. Food loss - Food waste,WHOLESALEANDRETAIL,Wholesale & Retail,MILLIONKG,Million kg,FWVAR92,Food Loss - Fresh Fruit,SOURCE16,"Buzby & al., 2014",2010,2010,1995.806448,,
FLFW,1. Food loss - Food waste,WHOLESALEANDRETAIL,Wholesale & Retail,MILLIONKG,Million kg,FWVAR94,Food Loss - Fresh vegetables,SOURCE16,"Buzby & al., 2014",2010,2010,2358.680347,,
FLFW,1. Food loss - Food waste,WHOLESALEANDRETAIL,Wholesale & Retail,MILLIONKG,Million kg,FWVAR100,Food Loss - Grain products,SOURCE16,"Buzby & al., 2014",2010,2010,3265.865096,,
FLFW,1. Food loss - Food waste,WHOLESALEANDRETAIL,Wholesale & Retail,MILLIONKG,Million kg,FWVAR104,Food Loss - Meat,SOURCE16,"Buzby & al., 2014",2010,2010,635.0293243,,
FLFW,1. Food loss - Food waste,WHOLESALEANDRETAIL,Wholesale & Retail,MILLIONKG,Million kg,FWVAR114,Food Loss - Other Dairy products,SOURCE16,"Buzby & al., 2014",2010,2010,1270.058649,,
FLFW,1. Food loss - Food waste,WHOLESALEANDRETAIL,Wholesale & Retail,MILLIONKG,Million kg,FWVAR115,Food Loss - Poultry,SOURCE16,"Buzby & al., 2014",2010,2010,408.2331371,,
FLFW,1. Food loss - Food waste,WHOLESALEANDRETAIL,Wholesale & Retail,MILLIONKG,Million kg,FWVAR117,Food Loss - Processed Fruit,SOURCE16,"Buzby & al., 2014",2010,2010,725.7477992,,
FLFW,1. Food loss - Food waste,WHOLESALEANDRETAIL,Wholesale & Retail,MILLIONKG,Million kg,FWVAR119,Food Loss - Processed vegetables,SOURCE16,"Buzby & al., 2014",2010,2010,816.4662741,,
FLFW,1. Food loss - Food waste,WHOLESALEANDRETAIL,Wholesale & Retail,MILLIONKG,Million kg,FWVAR128,Food Loss - Tree nuts and peanuts,SOURCE16,"Buzby & al., 2014",2010,2010,90.7184749,,
FLFW,1. Food loss - Food waste,WHOLESALEANDRETAIL,Wholesale & Retail,PCT,%,FWVAR56,Food Loss,SOURCE48,Kantor et al. 1997,1995,1995,2,,
FLFW,1. Food loss - Food waste,WHOLESALEANDRETAIL,Wholesale & Retail,PCT,%,FWVAR59,Food Loss -  Dry beans + peas and lentils,SOURCE48,Kantor et al. 1997,1995,1995,1,,
FLFW,1. Food loss - Food waste,WHOLESALEANDRETAIL,Wholesale & Retail,PCT,%,FWVAR72,Food Loss - Caloric sweeteners,SOURCE48,Kantor et al. 1997,1995,1995,1,,
FLFW,1. Food loss - Food waste,WHOLESALEANDRETAIL,Wholesale & Retail,PCT,%,FWVAR75,Food Loss - Dairy products,SOURCE48,Kantor et al. 1997,1995,1995,2,,
FLFW,1. Food loss - Food waste,WHOLESALEANDRETAIL,Wholesale & Retail,PCT,%,FWVAR81,Food Loss - Eggs,SOURCE48,Kantor et al. 1997,1995,1995,2,,
FLFW,1. Food loss - Food waste,WHOLESALEANDRETAIL,Wholesale & Retail,PCT,%,FWVAR96,Food Loss - Fruit,SOURCE48,Kantor et al. 1997,1995,1995,2,,
FLFW,1. Food loss - Food waste,WHOLESALEANDRETAIL,Wholesale & Retail,PCT,%,FWVAR100,Food Loss - Grain products,SOURCE48,Kantor et al. 1997,1995,1995,2,,
FLFW,1. Food loss - Food waste,WHOLESALEANDRETAIL,Wholesale & Retail,PCT,%,FWVAR106,Food Loss - Meat + poultry and fish,SOURCE48,Kantor et al. 1997,1995,1995,1,,
FLFW,1. Food loss - Food waste,WHOLESALEANDRETAIL,Wholesale & Retail,PCT,%,FWVAR128,Food Loss - Tree nuts and peanuts,SOURCE48,Kantor et al. 1997,1995,1995,1,,
FLFW,1. Food loss - Food waste,WHOLESALEANDRETAIL,Wholesale & Retail,PCT,%,FWVAR132,Food Loss - Vegetables,SOURCE48,Kantor et al. 1997,1995,1995,2,,
FLFW,1. Food loss - Food waste,WHOLESALEANDRETAIL,Wholesale & Retail,PCT,%,FWVAR154USA,Food Loss -fats and oils,SOURCE48,Kantor et al. 1997,1995,1995,1,,
FLFW,1. Food loss - Food waste,WHOLESALEANDRETAIL,Wholesale & Retail,MILLIONKG,Million kg,FWVAR56,Food Loss,SOURCE48,Kantor et al. 1997,1995,1995,2471.624849,,
FLFW,1. Food loss - Food waste,WHOLESALEANDRETAIL,Wholesale & Retail,MILLIONKG,Million kg,FWVAR72,Food Loss - Caloric sweeteners,SOURCE48,Kantor et al. 1997,1995,1995,175.9938413,,
FLFW,1. Food loss - Food waste,WHOLESALEANDRETAIL,Wholesale & Retail,MILLIONKG,Million kg,FWVAR75,Food Loss - Dairy products,SOURCE48,Kantor et al. 1997,1995,1995,691.7283711,,
FLFW,1. Food loss - Food waste,WHOLESALEANDRETAIL,Wholesale & Retail,MILLIONKG,Million kg,FWVAR78,Food Loss - Dry beans + peas and lentils,SOURCE48,Kantor et al. 1997,1995,1995,10.43262461,,
FLFW,1. Food loss - Food waste,WHOLESALEANDRETAIL,Wholesale & Retail,MILLIONKG,Million kg,FWVAR81,Food Loss - Eggs,SOURCE48,Kantor et al. 1997,1995,1995,71.66759517,,
FLFW,1. Food loss - Food waste,WHOLESALEANDRETAIL,Wholesale & Retail,MILLIONKG,Million kg,FWVAR84,Food Loss - Fats and oils,SOURCE48,Kantor et al. 1997,1995,1995,92.07925202,,
FLFW,1. Food loss - Food waste,WHOLESALEANDRETAIL,Wholesale & Retail,MILLIONKG,Million kg,FWVAR96,Food Loss - Fruit,SOURCE48,Kantor et al. 1997,1995,1995,320.6898088,,
FLFW,1. Food loss - Food waste,WHOLESALEANDRETAIL,Wholesale & Retail,MILLIONKG,Million kg,FWVAR100,Food Loss - Grain products,SOURCE48,Kantor et al. 1997,1995,1995,413.6762455,,
FLFW,1. Food loss - Food waste,WHOLESALEANDRETAIL,Wholesale & Retail,MILLIONKG,Million kg,FWVAR106,Food Loss - Meat + poultry and fish,SOURCE48,Kantor et al. 1997,1995,1995,233.6000729,,
FLFW,1. Food loss - Food waste,WHOLESALEANDRETAIL,Wholesale & Retail,MILLIONKG,Million kg,FWVAR128,Food Loss - Tree nuts and peanuts,SOURCE48,Kantor et al. 1997,1995,1995,8.618255115,,
FLFW,1. Food loss - Food waste,WHOLESALEANDRETAIL,Wholesale & Retail,MILLIONKG,Million kg,FWVAR132,Food Loss - Vegetables,SOURCE48,Kantor et al. 1997,1995,1995,453.1387821,,
MAEI,3. Monetary and economic impact,RETAIL,Retail,MILLIONLOCALCURRENCY,Million Local Currency,FWVAR90,Food Loss - Fresh and processed Fruit,SOURCE14,"Buzby & al., 2011",2008,2008,5795,,
MAEI,3. Monetary and economic impact,RETAIL,Retail,MILLIONLOCALCURRENCY,Million Local Currency,FWVAR91,Food Loss - Fresh and processed vegetables,SOURCE14,"Buzby & al., 2011",2008,2008,9174,,
MAEI,3. Monetary and economic impact,RETAIL,Retail,MILLIONLOCALCURRENCY,Million Local Currency,FWVAR56,Food Loss,SOURCE15,"Buzby & al., 2012",2008,2008,47009,,
MAEI,3. Monetary and economic impact,RETAIL,Retail,MILLIONLOCALCURRENCY,Million Local Currency,FWVAR64,Food Loss - Added fats and oils,SOURCE15,"Buzby & al., 2012",2008,2008,7068,,
MAEI,3. Monetary and economic impact,RETAIL,Retail,MILLIONLOCALCURRENCY,Million Local Currency,FWVAR67,Food Loss - Added sugar and sweetners,SOURCE15,"Buzby & al., 2012",2008,2008,1514,,
MAEI,3. Monetary and economic impact,RETAIL,Retail,MILLIONLOCALCURRENCY,Million Local Currency,FWVAR75,Food Loss - Dairy products,SOURCE15,"Buzby & al., 2012",2008,2008,9023,,
MAEI,3. Monetary and economic impact,RETAIL,Retail,MILLIONLOCALCURRENCY,Million Local Currency,FWVAR81,Food Loss - Eggs,SOURCE15,"Buzby & al., 2012",2008,2008,1154,,
MAEI,3. Monetary and economic impact,RETAIL,Retail,MILLIONLOCALCURRENCY,Million Local Currency,FWVAR88,Food Loss - Fish and seafood,SOURCE15,"Buzby & al., 2012",2008,2008,2012,,
MAEI,3. Monetary and economic impact,RETAIL,Retail,MILLIONLOCALCURRENCY,Million Local Currency,FWVAR96,Food Loss - Fruit,SOURCE15,"Buzby & al., 2012",2008,2008,5795,,
MAEI,3. Monetary and economic impact,RETAIL,Retail,MILLIONLOCALCURRENCY,Million Local Currency,FWVAR100,Food Loss - Grain products,SOURCE15,"Buzby & al., 2012",2008,2008,4175,,
MAEI,3. Monetary and economic impact,RETAIL,Retail,MILLIONLOCALCURRENCY,Million Local Currency,FWVAR104,Food Loss - Meat,SOURCE15,"Buzby & al., 2012",2008,2008,3747,,
MAEI,3. Monetary and economic impact,RETAIL,Retail,MILLIONLOCALCURRENCY,Million Local Currency,FWVAR106,Food Loss - Meat + poultry and fish,SOURCE15,"Buzby & al., 2012",2008,2008,8453,,
MAEI,3. Monetary and economic impact,RETAIL,Retail,MILLIONLOCALCURRENCY,Million Local Currency,FWVAR115,Food Loss - Poultry,SOURCE15,"Buzby & al., 2012",2008,2008,2694,,
MAEI,3. Monetary and economic impact,RETAIL,Retail,MILLIONLOCALCURRENCY,Million Local Currency,FWVAR128,Food Loss - Tree nuts and peanuts,SOURCE15,"Buzby & al., 2012",2008,2008,653,,
MAEI,3. Monetary and economic impact,RETAIL,Retail,MILLIONLOCALCURRENCY,Million Local Currency,FWVAR132,Food Loss - Vegetables,SOURCE15,"Buzby & al., 2012",2008,2008,9174,,
MAEI,3. Monetary and economic impact,RETAIL,Retail,LOCALCURRENCYBYCAPITA,Local Currency/capita,FWVAR56,Food Loss,SOURCE15,"Buzby & al., 2012",2008,2008,154.6,,
MAEI,3. Monetary and economic impact,RETAIL,Retail,LOCALCURRENCYBYCAPITA,Local Currency/capita,FWVAR64,Food Loss - Added fats and oils,SOURCE15,"Buzby & al., 2012",2008,2008,23.2,,
MAEI,3. Monetary and economic impact,RETAIL,Retail,LOCALCURRENCYBYCAPITA,Local Currency/capita,FWVAR67,Food Loss - Added sugar and sweetners,SOURCE15,"Buzby & al., 2012",2008,2008,5,,
MAEI,3. Monetary and economic impact,RETAIL,Retail,LOCALCURRENCYBYCAPITA,Local Currency/capita,FWVAR75,Food Loss - Dairy products,SOURCE15,"Buzby & al., 2012",2008,2008,29.7,,
MAEI,3. Monetary and economic impact,RETAIL,Retail,LOCALCURRENCYBYCAPITA,Local Currency/capita,FWVAR81,Food Loss - Eggs,SOURCE15,"Buzby & al., 2012",2008,2008,3.8,,
MAEI,3. Monetary and economic impact,RETAIL,Retail,LOCALCURRENCYBYCAPITA,Local Currency/capita,FWVAR88,Food Loss - Fish and seafood,SOURCE15,"Buzby & al., 2012",2008,2008,6.6,,
MAEI,3. Monetary and economic impact,RETAIL,Retail,LOCALCURRENCYBYCAPITA,Local Currency/capita,FWVAR96,Food Loss - Fruit,SOURCE15,"Buzby & al., 2012",2008,2008,19.1,,
MAEI,3. Monetary and economic impact,RETAIL,Retail,LOCALCURRENCYBYCAPITA,Local Currency/capita,FWVAR100,Food Loss - Grain products,SOURCE15,"Buzby & al., 2012",2008,2008,13.7,,
MAEI,3. Monetary and economic impact,RETAIL,Retail,LOCALCURRENCYBYCAPITA,Local Currency/capita,FWVAR104,Food Loss - Meat,SOURCE15,"Buzby & al., 2012",2008,2008,12.3,,
MAEI,3. Monetary and economic impact,RETAIL,Retail,LOCALCURRENCYBYCAPITA,Local Currency/capita,FWVAR106,Food Loss - Meat + poultry and fish,SOURCE15,"Buzby & al., 2012",2008,2008,27.8,,
MAEI,3. Monetary and economic impact,RETAIL,Retail,LOCALCURRENCYBYCAPITA,Local Currency/capita,FWVAR115,Food Loss - Poultry,SOURCE15,"Buzby & al., 2012",2008,2008,8.9,,
MAEI,3. Monetary and economic impact,RETAIL,Retail,LOCALCURRENCYBYCAPITA,Local Currency/capita,FWVAR128,Food Loss - Tree nuts and peanuts,SOURCE15,"Buzby & al., 2012",2008,2008,2.1,,
MAEI,3. Monetary and economic impact,RETAIL,Retail,LOCALCURRENCYBYCAPITA,Local Currency/capita,FWVAR132,Food Loss - Vegetables,SOURCE15,"Buzby & al., 2012",2008,2008,30.2,,
MAEI,3. Monetary and economic impact,RETAIL,Retail,MILLIONLOCALCURRENCY,Million Local Currency,FWVAR56,Food Loss,SOURCE16,"Buzby & al., 2014",2010,2010,46700,,
MAEI,3. Monetary and economic impact,RETAIL,Retail,MILLIONLOCALCURRENCY,Million Local Currency,FWVAR64,Food Loss - Added fats and oils,SOURCE16,"Buzby & al., 2014",2010,2010,6600,,
MAEI,3. Monetary and economic impact,RETAIL,Retail,MILLIONLOCALCURRENCY,Million Local Currency,FWVAR66,Food Loss - Added sugar and sweeteners,SOURCE16,"Buzby & al., 2014",2010,2010,1800,,
MAEI,3. Monetary and economic impact,RETAIL,Retail,MILLIONLOCALCURRENCY,Million Local Currency,FWVAR81,Food Loss - Eggs,SOURCE16,"Buzby & al., 2014",2010,2010,800,,
MAEI,3. Monetary and economic impact,RETAIL,Retail,MILLIONLOCALCURRENCY,Million Local Currency,FWVAR87,Food Loss - Fish and seafodd,SOURCE16,"Buzby & al., 2014",2010,2010,2100,,
MAEI,3. Monetary and economic impact,RETAIL,Retail,MILLIONLOCALCURRENCY,Million Local Currency,FWVAR89,Food Loss - Fluid milk,SOURCE16,"Buzby & al., 2014",2010,2010,2400,,
MAEI,3. Monetary and economic impact,RETAIL,Retail,MILLIONLOCALCURRENCY,Million Local Currency,FWVAR92,Food Loss - Fresh Fruit,SOURCE16,"Buzby & al., 2014",2010,2010,4200,,
MAEI,3. Monetary and economic impact,RETAIL,Retail,MILLIONLOCALCURRENCY,Million Local Currency,FWVAR94,Food Loss - Fresh vegetables,SOURCE16,"Buzby & al., 2014",2010,2010,6900,,
MAEI,3. Monetary and economic impact,RETAIL,Retail,MILLIONLOCALCURRENCY,Million Local Currency,FWVAR100,Food Loss - Grain products,SOURCE16,"Buzby & al., 2014",2010,2010,4300,,
MAEI,3. Monetary and economic impact,RETAIL,Retail,MILLIONLOCALCURRENCY,Million Local Currency,FWVAR104,Food Loss - Meat,SOURCE16,"Buzby & al., 2014",2010,2010,3800,,
MAEI,3. Monetary and economic impact,RETAIL,Retail,MILLIONLOCALCURRENCY,Million Local Currency,FWVAR114,Food Loss - Other Dairy products,SOURCE16,"Buzby & al., 2014",2010,2010,5900,,
MAEI,3. Monetary and economic impact,RETAIL,Retail,MILLIONLOCALCURRENCY,Million Local Currency,FWVAR115,Food Loss - Poultry,SOURCE16,"Buzby & al., 2014",2010,2010,2900,,
MAEI,3. Monetary and economic impact,RETAIL,Retail,MILLIONLOCALCURRENCY,Million Local Currency,FWVAR117,Food Loss - Processed Fruit,SOURCE16,"Buzby & al., 2014",2010,2010,1500,,
MAEI,3. Monetary and economic impact,RETAIL,Retail,MILLIONLOCALCURRENCY,Million Local Currency,FWVAR119,Food Loss - Processed vegetables,SOURCE16,"Buzby & al., 2014",2010,2010,2800,,
MAEI,3. Monetary and economic impact,RETAIL,Retail,MILLIONLOCALCURRENCY,Million Local Currency,FWVAR128,Food Loss - Tree nuts and peanuts,SOURCE16,"Buzby & al., 2014",2010,2010,700,,
MAEI,3. Monetary and economic impact,RETAIL,Retail,LOCALCURRENCYBYCAPITA,Local Currency/capita,FWVAR56,Food Loss,SOURCE16,"Buzby & al., 2014",2010,2010,151,,
MAEI,3. Monetary and economic impact,RETAIL,Retail,LOCALCURRENCYBYCAPITA,Local Currency/capita,FWVAR64,Food Loss - Added fats and oils,SOURCE16,"Buzby & al., 2014",2010,2010,21,,
MAEI,3. Monetary and economic impact,RETAIL,Retail,LOCALCURRENCYBYCAPITA,Local Currency/capita,FWVAR66,Food Loss - Added sugar and sweeteners,SOURCE16,"Buzby & al., 2014",2010,2010,6,,
MAEI,3. Monetary and economic impact,RETAIL,Retail,LOCALCURRENCYBYCAPITA,Local Currency/capita,FWVAR81,Food Loss - Eggs,SOURCE16,"Buzby & al., 2014",2010,2010,2,,
MAEI,3. Monetary and economic impact,RETAIL,Retail,LOCALCURRENCYBYCAPITA,Local Currency/capita,FWVAR87,Food Loss - Fish and seafodd,SOURCE16,"Buzby & al., 2014",2010,2010,7,,
MAEI,3. Monetary and economic impact,RETAIL,Retail,LOCALCURRENCYBYCAPITA,Local Currency/capita,FWVAR89,Food Loss - Fluid milk,SOURCE16,"Buzby & al., 2014",2010,2010,8,,
MAEI,3. Monetary and economic impact,RETAIL,Retail,LOCALCURRENCYBYCAPITA,Local Currency/capita,FWVAR92,Food Loss - Fresh Fruit,SOURCE16,"Buzby & al., 2014",2010,2010,14,,
MAEI,3. Monetary and economic impact,RETAIL,Retail,LOCALCURRENCYBYCAPITA,Local Currency/capita,FWVAR94,Food Loss - Fresh vegetables,SOURCE16,"Buzby & al., 2014",2010,2010,22,,
MAEI,3. Monetary and economic impact,RETAIL,Retail,LOCALCURRENCYBYCAPITA,Local Currency/capita,FWVAR100,Food Loss - Grain products,SOURCE16,"Buzby & al., 2014",2010,2010,14,,
MAEI,3. Monetary and economic impact,RETAIL,Retail,LOCALCURRENCYBYCAPITA,Local Currency/capita,FWVAR104,Food Loss - Meat,SOURCE16,"Buzby & al., 2014",2010,2010,12,,
MAEI,3. Monetary and economic impact,RETAIL,Retail,LOCALCURRENCYBYCAPITA,Local Currency/capita,FWVAR114,Food Loss - Other Dairy products,SOURCE16,"Buzby & al., 2014",2010,2010,19,,
MAEI,3. Monetary and economic impact,RETAIL,Retail,LOCALCURRENCYBYCAPITA,Local Currency/capita,FWVAR115,Food Loss - Poultry,SOURCE16,"Buzby & al., 2014",2010,2010,9,,
MAEI,3. Monetary and economic impact,RETAIL,Retail,LOCALCURRENCYBYCAPITA,Local Currency/capita,FWVAR117,Food Loss - Processed Fruit,SOURCE16,"Buzby & al., 2014",2010,2010,5,,
MAEI,3. Monetary and economic impact,RETAIL,Retail,LOCALCURRENCYBYCAPITA,Local Currency/capita,FWVAR119,Food Loss - Processed vegetables,SOURCE16,"Buzby & al., 2014",2010,2010,9,,
MAEI,3. Monetary and economic impact,RETAIL,Retail,LOCALCURRENCYBYCAPITA,Local Currency/capita,FWVAR128,Food Loss - Tree nuts and peanuts,SOURCE16,"Buzby & al., 2014",2010,2010,2,,
FLFW,1. Food loss - Food waste,SCHOOLCANTINES,School cantines,PCT,%,FWVAR440USA,Plate Waste - Breads and other grains,SOURCE12,Buzby & al. 2002,1996,1996,13,,
FLFW,1. Food loss - Food waste,SCHOOLCANTINES,School cantines,PCT,%,FWVAR441USA,Plate Waste - Canned or processed Fruit,SOURCE12,Buzby & al. 2002,1996,1996,21,,
FLFW,1. Food loss - Food waste,SCHOOLCANTINES,School cantines,PCT,%,FWVAR442USA,Plate Waste - Cooked vegetables,SOURCE12,Buzby & al. 2002,1996,1996,42,,
FLFW,1. Food loss - Food waste,SCHOOLCANTINES,School cantines,PCT,%,FWVAR443USA,Plate Waste - Fresh Fruit,SOURCE12,Buzby & al. 2002,1996,1996,22,,
FLFW,1. Food loss - Food waste,SCHOOLCANTINES,School cantines,PCT,%,FWVAR444USA,Plate Waste - Meat alternates,SOURCE12,Buzby & al. 2002,1996,1996,21,,
FLFW,1. Food loss - Food waste,SCHOOLCANTINES,School cantines,PCT,%,FWVAR445USA,Plate Waste - Meats,SOURCE12,Buzby & al. 2002,1996,1996,14,,
FLFW,1. Food loss - Food waste,SCHOOLCANTINES,School cantines,PCT,%,FWVAR446USA,Plate Waste - Milk,SOURCE12,Buzby & al. 2002,1996,1996,11,,
FLFW,1. Food loss - Food waste,SCHOOLCANTINES,School cantines,PCT,%,FWVAR447USA,Plate Waste - Raw vegetables/salad,SOURCE12,Buzby & al. 2002,1996,1996,30,,
FLFW,1. Food loss - Food waste,SCHOOLCANTINES,School cantines,PCT,%,FWVAR169USA,Food Loss in schools (Max e.),SOURCE60,Muth et al. 2011,2005,2005,36,,
FLFW,1. Food loss - Food waste,SCHOOLCANTINES,School cantines,PCT,%,FWVAR170USA,Food Loss in schools (Min e.),SOURCE60,Muth et al. 2011,2005,2005,14,,
FLFW,1. Food loss - Food waste,HOUSEHOLDS,Households,PCT,%,FWVAR69,Food Loss - Added sweetners,SOURCE14,"Buzby & al., 2011",2008,2008,18,,
FLFW,1. Food loss - Food waste,HOUSEHOLDS,Households,PCT,%,FWVAR75,Food Loss - Dairy products,SOURCE14,"Buzby & al., 2011",2008,2008,17,,
FLFW,1. Food loss - Food waste,HOUSEHOLDS,Households,PCT,%,FWVAR81,Food Loss - Eggs,SOURCE14,"Buzby & al., 2011",2008,2008,14,,
FLFW,1. Food loss - Food waste,HOUSEHOLDS,Households,PCT,%,FWVAR84,Food Loss - Fats and oils,SOURCE14,"Buzby & al., 2011",2008,2008,14,,
FLFW,1. Food loss - Food waste,HOUSEHOLDS,Households,PCT,%,FWVAR86,Food Loss - Fish,SOURCE14,"Buzby & al., 2011",2008,2008,25,,
FLFW,1. Food loss - Food waste,HOUSEHOLDS,Households,PCT,%,FWVAR90,Food Loss - Fresh and processed Fruit,SOURCE14,"Buzby & al., 2011",2008,2008,15,,
FLFW,1. Food loss - Food waste,HOUSEHOLDS,Households,PCT,%,FWVAR91,Food Loss - Fresh and processed vegetables,SOURCE14,"Buzby & al., 2011",2008,2008,20,,
FLFW,1. Food loss - Food waste,HOUSEHOLDS,Households,PCT,%,FWVAR91,Food Loss - Fresh and processed vegetables,SOURCE14,"Buzby & al., 2011",2012,2012,20,,
FLFW,1. Food loss - Food waste,HOUSEHOLDS,Households,PCT,%,FWVAR100,Food Loss - Grain products,SOURCE14,"Buzby & al., 2011",2008,2008,18,,
FLFW,1. Food loss - Food waste,HOUSEHOLDS,Households,PCT,%,FWVAR104,Food Loss - Meat,SOURCE14,"Buzby & al., 2011",2008,2008,33,,
FLFW,1. Food loss - Food waste,HOUSEHOLDS,Households,PCT,%,FWVAR115,Food Loss - Poultry,SOURCE14,"Buzby & al., 2011",2008,2008,37,,
FLFW,1. Food loss - Food waste,HOUSEHOLDS,Households,PCT,%,FWVAR483USA,Total Food Loss,SOURCE14,"Buzby & al., 2011",2008,2008,19,,
FLFW,1. Food loss - Food waste,HOUSEHOLDS,Households,PCT,%,FWVAR128,Food Loss - Tree nuts and peanuts,SOURCE14,"Buzby & al., 2011",2008,2008,9,,
FLFW,1. Food loss - Food waste,HOUSEHOLDS,Households,KGBYCAPITA,kg/capita,FWVAR56,Food Loss,SOURCE14,"Buzby & al., 2011",2008,2008,123.9206311,,
FLFW,1. Food loss - Food waste,HOUSEHOLDS,Households,KGBYCAPITA,kg/capita,FWVAR68,Food Loss - Added sweeteners,SOURCE14,"Buzby & al., 2011",2008,2008,11,,
FLFW,1. Food loss - Food waste,HOUSEHOLDS,Households,KGBYCAPITA,kg/capita,FWVAR75,Food Loss - Dairy products,SOURCE14,"Buzby & al., 2011",2008,2008,20.9,,
FLFW,1. Food loss - Food waste,HOUSEHOLDS,Households,KGBYCAPITA,kg/capita,FWVAR81,Food Loss - Eggs,SOURCE14,"Buzby & al., 2011",2008,2008,2,,
FLFW,1. Food loss - Food waste,HOUSEHOLDS,Households,KGBYCAPITA,kg/capita,FWVAR86,Food Loss - Fish,SOURCE14,"Buzby & al., 2011",2008,2008,1.8,,
FLFW,1. Food loss - Food waste,HOUSEHOLDS,Households,KGBYCAPITA,kg/capita,FWVAR90,Food Loss - Fresh and processed Fruit,SOURCE14,"Buzby & al., 2011",2008,2008,13.48422573,,
FLFW,1. Food loss - Food waste,HOUSEHOLDS,Households,KGBYCAPITA,kg/capita,FWVAR91,Food Loss - Fresh and processed vegetables,SOURCE14,"Buzby & al., 2011",2008,2008,24.58633769,,
FLFW,1. Food loss - Food waste,HOUSEHOLDS,Households,KGBYCAPITA,kg/capita,FWVAR100,Food Loss - Grain products,SOURCE14,"Buzby & al., 2011",2008,2008,15.68734535,,
FLFW,1. Food loss - Food waste,HOUSEHOLDS,Households,KGBYCAPITA,kg/capita,FWVAR104,Food Loss - Meat,SOURCE14,"Buzby & al., 2011",2008,2008,16.42122135,,
FLFW,1. Food loss - Food waste,HOUSEHOLDS,Households,KGBYCAPITA,kg/capita,FWVAR105,Food Loss - Meat + poultry + fish,SOURCE14,"Buzby & al., 2011",2008,2008,30.38425642,,
FLFW,1. Food loss - Food waste,HOUSEHOLDS,Households,KGBYCAPITA,kg/capita,FWVAR115,Food Loss - Poultry,SOURCE14,"Buzby & al., 2011",2008,2008,12.18204331,,
FLFW,1. Food loss - Food waste,HOUSEHOLDS,Households,KGBYCAPITA,kg/capita,FWVAR128,Food Loss - Tree nuts and peanuts,SOURCE14,"Buzby & al., 2011",2008,2008,0.4,,
FLFW,1. Food loss - Food waste,HOUSEHOLDS,Households,MILLIONKG,Million kg,FWVAR56,Food Loss,SOURCE14,"Buzby & al., 2011",2008,2008,37683.54729,,
FLFW,1. Food loss - Food waste,HOUSEHOLDS,Households,MILLIONKG,Million kg,FWVAR64,Food Loss - Added fats and oils,SOURCE14,"Buzby & al., 2011",2008,2008,1653.344205,,
FLFW,1. Food loss - Food waste,HOUSEHOLDS,Households,MILLIONKG,Million kg,FWVAR68,Food Loss - Added sweeteners,SOURCE14,"Buzby & al., 2011",2008,2008,3300,,
FLFW,1. Food loss - Food waste,HOUSEHOLDS,Households,MILLIONKG,Million kg,FWVAR69,Food Loss - Added sweetners,SOURCE14,"Buzby & al., 2011",2008,2008,3345.697354,,
FLFW,1. Food loss - Food waste,HOUSEHOLDS,Households,MILLIONKG,Million kg,FWVAR75,Food Loss - Dairy products,SOURCE14,"Buzby & al., 2011",2008,2008,6361.633052,,
FLFW,1. Food loss - Food waste,HOUSEHOLDS,Households,MILLIONKG,Million kg,FWVAR81,Food Loss - Eggs,SOURCE14,"Buzby & al., 2011",2008,2008,600.1027115,,
FLFW,1. Food loss - Food waste,HOUSEHOLDS,Households,MILLIONKG,Million kg,FWVAR86,Food Loss - Fish,SOURCE14,"Buzby & al., 2011",2008,2008,541.1357028,,
FLFW,1. Food loss - Food waste,HOUSEHOLDS,Households,MILLIONKG,Million kg,FWVAR90,Food Loss - Fresh and processed Fruit,SOURCE14,"Buzby & al., 2011",2008,2008,4100.475065,,
FLFW,1. Food loss - Food waste,HOUSEHOLDS,Households,MILLIONKG,Million kg,FWVAR91,Food Loss - Fresh and processed vegetables,SOURCE14,"Buzby & al., 2011",2008,2008,7476.563109,,
FLFW,1. Food loss - Food waste,HOUSEHOLDS,Households,MILLIONKG,Million kg,FWVAR100,Food Loss - Grain products,SOURCE14,"Buzby & al., 2011",2008,2008,4770.431003,,
FLFW,1. Food loss - Food waste,HOUSEHOLDS,Households,MILLIONKG,Million kg,FWVAR104,Food Loss - Meat,SOURCE14,"Buzby & al., 2011",2008,2008,4993.598451,,
FLFW,1. Food loss - Food waste,HOUSEHOLDS,Households,MILLIONKG,Million kg,FWVAR105,Food Loss - Meat + poultry + fish,SOURCE14,"Buzby & al., 2011",2008,2008,9239.66904,,
FLFW,1. Food loss - Food waste,HOUSEHOLDS,Households,MILLIONKG,Million kg,FWVAR106,Food Loss - Meat + poultry and fish,SOURCE14,"Buzby & al., 2011",2008,2008,9239.676669,,
FLFW,1. Food loss - Food waste,HOUSEHOLDS,Households,MILLIONKG,Million kg,FWVAR115,Food Loss - Poultry,SOURCE14,"Buzby & al., 2011",2008,2008,3704.488923,,
FLFW,1. Food loss - Food waste,HOUSEHOLDS,Households,MILLIONKG,Million kg,FWVAR128,Food Loss - Tree nuts and peanuts,SOURCE14,"Buzby & al., 2011",2008,2008,135.1705276,,
FLFW,1. Food loss - Food waste,HOUSEHOLDS,Households,PCT,%,FWVAR56,Food Loss,SOURCE15,"Buzby & al., 2012",2008,2008,19,,
FLFW,1. Food loss - Food waste,HOUSEHOLDS,Households,PCT,%,FWVAR128,Food Loss - Tree nuts and peanuts,SOURCE15,"Buzby & al., 2012",2008,2008,9,,
FLFW,1. Food loss - Food waste,HOUSEHOLDS,Households,PCT,%,FWVAR171,Food Loss in supply - Added fats and oils,SOURCE15,"Buzby & al., 2012",2008,2008,13,,
FLFW,1. Food loss - Food waste,HOUSEHOLDS,Households,PCT,%,FWVAR172USA,Food Loss in supply - Added sugar and sweetners,SOURCE15,"Buzby & al., 2012",2008,2008,18,,
FLFW,1. Food loss - Food waste,HOUSEHOLDS,Households,PCT,%,FWVAR173USA,Food Loss in supply - Dairy products,SOURCE15,"Buzby & al., 2012",2008,2008,15,,
FLFW,1. Food loss - Food waste,HOUSEHOLDS,Households,PCT,%,FWVAR174,Food Loss in supply - Eggs,SOURCE15,"Buzby & al., 2012",2008,2008,14,,
FLFW,1. Food loss - Food waste,HOUSEHOLDS,Households,PCT,%,FWVAR175,Food Loss in supply - Fish and seafood,SOURCE15,"Buzby & al., 2012",2008,2008,25,,
FLFW,1. Food loss - Food waste,HOUSEHOLDS,Households,PCT,%,FWVAR176,Food Loss in supply - Fruit,SOURCE15,"Buzby & al., 2012",2008,2008,15,,
FLFW,1. Food loss - Food waste,HOUSEHOLDS,Households,PCT,%,FWVAR177USA,Food Loss in supply - Grain products,SOURCE15,"Buzby & al., 2012",2008,2008,18,,
FLFW,1. Food loss - Food waste,HOUSEHOLDS,Households,PCT,%,FWVAR178,Food Loss in supply - Meat,SOURCE15,"Buzby & al., 2012",2008,2008,34,,
FLFW,1. Food loss - Food waste,HOUSEHOLDS,Households,PCT,%,FWVAR180,Food Loss in supply - Poultry,SOURCE15,"Buzby & al., 2012",2008,2008,37,,
FLFW,1. Food loss - Food waste,HOUSEHOLDS,Households,PCT,%,FWVAR182,Food Loss in supply - Vegetables,SOURCE15,"Buzby & al., 2012",2008,2008,18,,
FLFW,1. Food loss - Food waste,HOUSEHOLDS,Households,PCT,%,FWVAR183USA,Food Loss in total food supply,SOURCE15,"Buzby & al., 2012",2008,2008,22,,
FLFW,1. Food loss - Food waste,HOUSEHOLDS,Households,KG,kg,FWVAR56,Food Loss,SOURCE15,"Buzby & al., 2012",2008,2008,123.9,,
FLFW,1. Food loss - Food waste,HOUSEHOLDS,Households,KG,kg,FWVAR66,Food Loss - Added sugar and sweeteners,SOURCE15,"Buzby & al., 2012",2008,2008,11,,
FLFW,1. Food loss - Food waste,HOUSEHOLDS,Households,KG,kg,FWVAR75,Food Loss - Dairy products,SOURCE15,"Buzby & al., 2012",2008,2008,20.9,,
FLFW,1. Food loss - Food waste,HOUSEHOLDS,Households,KG,kg,FWVAR81,Food Loss - Eggs,SOURCE15,"Buzby & al., 2012",2008,2008,2,,
FLFW,1. Food loss - Food waste,HOUSEHOLDS,Households,KG,kg,FWVAR88,Food Loss - Fish and seafood,SOURCE15,"Buzby & al., 2012",2008,2008,1.8,,
FLFW,1. Food loss - Food waste,HOUSEHOLDS,Households,KG,kg,FWVAR96,Food Loss - Fruit,SOURCE15,"Buzby & al., 2012",2008,2008,13.5,,
FLFW,1. Food loss - Food waste,HOUSEHOLDS,Households,KG,kg,FWVAR100,Food Loss - Grain products,SOURCE15,"Buzby & al., 2012",2008,2008,15.7,,
FLFW,1. Food loss - Food waste,HOUSEHOLDS,Households,KG,kg,FWVAR104,Food Loss - Meat,SOURCE15,"Buzby & al., 2012",2008,2008,16.4,,
FLFW,1. Food loss - Food waste,HOUSEHOLDS,Households,KG,kg,FWVAR106,Food Loss - Meat + poultry and fish,SOURCE15,"Buzby & al., 2012",2008,2008,30.4,,
FLFW,1. Food loss - Food waste,HOUSEHOLDS,Households,KG,kg,FWVAR115,Food Loss - Poultry,SOURCE15,"Buzby & al., 2012",2008,2008,12.2,,
FLFW,1. Food loss - Food waste,HOUSEHOLDS,Households,KG,kg,FWVAR128,Food Loss - Tree nuts and peanuts,SOURCE15,"Buzby & al., 2012",2008,2008,0.4,,
FLFW,1. Food loss - Food waste,HOUSEHOLDS,Households,KG,kg,FWVAR132,Food Loss - Vegetables,SOURCE15,"Buzby & al., 2012",2008,2008,24.6,,
FLFW,1. Food loss - Food waste,HOUSEHOLDS,Households,BILLIONCALORIES,billion calories,FWVAR56,Food Loss,SOURCE16,"Buzby & al., 2014",2010,2010,244.5,,
FLFW,1. Food loss - Food waste,HOUSEHOLDS,Households,BILLIONCALORIES,billion calories,FWVAR64,Food Loss - Added fats and oils,SOURCE16,"Buzby & al., 2014",2010,2010,47.8,,
FLFW,1. Food loss - Food waste,HOUSEHOLDS,Households,BILLIONCALORIES,billion calories,FWVAR66,Food Loss - Added sugar and sweeteners,SOURCE16,"Buzby & al., 2014",2010,2010,58,,
FLFW,1. Food loss - Food waste,HOUSEHOLDS,Households,BILLIONCALORIES,billion calories,FWVAR81,Food Loss - Eggs,SOURCE16,"Buzby & al., 2014",2010,2010,4,,
FLFW,1. Food loss - Food waste,HOUSEHOLDS,Households,BILLIONCALORIES,billion calories,FWVAR87,Food Loss - Fish and seafodd,SOURCE16,"Buzby & al., 2014",2010,2010,2.2,,
FLFW,1. Food loss - Food waste,HOUSEHOLDS,Households,BILLIONCALORIES,billion calories,FWVAR89,Food Loss - Fluid milk,SOURCE16,"Buzby & al., 2014",2010,2010,6.8,,
FLFW,1. Food loss - Food waste,HOUSEHOLDS,Households,BILLIONCALORIES,billion calories,FWVAR92,Food Loss - Fresh Fruit,SOURCE16,"Buzby & al., 2014",2010,2010,6.5,,
FLFW,1. Food loss - Food waste,HOUSEHOLDS,Households,BILLIONCALORIES,billion calories,FWVAR94,Food Loss - Fresh vegetables,SOURCE16,"Buzby & al., 2014",2010,2010,6.7,,
FLFW,1. Food loss - Food waste,HOUSEHOLDS,Households,BILLIONCALORIES,billion calories,FWVAR100,Food Loss - Grain products,SOURCE16,"Buzby & al., 2014",2010,2010,51.3,,
FLFW,1. Food loss - Food waste,HOUSEHOLDS,Households,BILLIONCALORIES,billion calories,FWVAR104,Food Loss - Meat,SOURCE16,"Buzby & al., 2014",2010,2010,25.7,,
FLFW,1. Food loss - Food waste,HOUSEHOLDS,Households,BILLIONCALORIES,billion calories,FWVAR114,Food Loss - Other Dairy products,SOURCE16,"Buzby & al., 2014",2010,2010,16.6,,
FLFW,1. Food loss - Food waste,HOUSEHOLDS,Households,BILLIONCALORIES,billion calories,FWVAR115,Food Loss - Poultry,SOURCE16,"Buzby & al., 2014",2010,2010,10.9,,
FLFW,1. Food loss - Food waste,HOUSEHOLDS,Households,BILLIONCALORIES,billion calories,FWVAR117,Food Loss - Processed Fruit,SOURCE16,"Buzby & al., 2014",2010,2010,2.3,,
FLFW,1. Food loss - Food waste,HOUSEHOLDS,Households,BILLIONCALORIES,billion calories,FWVAR119,Food Loss - Processed vegetables,SOURCE16,"Buzby & al., 2014",2010,2010,3.4,,
FLFW,1. Food loss - Food waste,HOUSEHOLDS,Households,BILLIONCALORIES,billion calories,FWVAR128,Food Loss - Tree nuts and peanuts,SOURCE16,"Buzby & al., 2014",2010,2010,2.3,,
FLFW,1. Food loss - Food waste,HOUSEHOLDS,Households,CALORIESBYCAPITABYDAY,calories/capita/day,FWVAR56,Food Loss,SOURCE16,"Buzby & al., 2014",2010,2010,789,,
FLFW,1. Food loss - Food waste,HOUSEHOLDS,Households,CALORIESBYCAPITABYDAY,calories/capita/day,FWVAR64,Food Loss - Added fats and oils,SOURCE16,"Buzby & al., 2014",2010,2010,154,,
FLFW,1. Food loss - Food waste,HOUSEHOLDS,Households,CALORIESBYCAPITABYDAY,calories/capita/day,FWVAR66,Food Loss - Added sugar and sweeteners,SOURCE16,"Buzby & al., 2014",2010,2010,187,,
FLFW,1. Food loss - Food waste,HOUSEHOLDS,Households,CALORIESBYCAPITABYDAY,calories/capita/day,FWVAR81,Food Loss - Eggs,SOURCE16,"Buzby & al., 2014",2010,2010,13,,
FLFW,1. Food loss - Food waste,HOUSEHOLDS,Households,CALORIESBYCAPITABYDAY,calories/capita/day,FWVAR87,Food Loss - Fish and seafodd,SOURCE16,"Buzby & al., 2014",2010,2010,7,,
FLFW,1. Food loss - Food waste,HOUSEHOLDS,Households,CALORIESBYCAPITABYDAY,calories/capita/day,FWVAR89,Food Loss - Fluid milk,SOURCE16,"Buzby & al., 2014",2010,2010,22,,
FLFW,1. Food loss - Food waste,HOUSEHOLDS,Households,CALORIESBYCAPITABYDAY,calories/capita/day,FWVAR92,Food Loss - Fresh Fruit,SOURCE16,"Buzby & al., 2014",2010,2010,21,,
FLFW,1. Food loss - Food waste,HOUSEHOLDS,Households,CALORIESBYCAPITABYDAY,calories/capita/day,FWVAR94,Food Loss - Fresh vegetables,SOURCE16,"Buzby & al., 2014",2010,2010,22,,
FLFW,1. Food loss - Food waste,HOUSEHOLDS,Households,CALORIESBYCAPITABYDAY,calories/capita/day,FWVAR100,Food Loss - Grain products,SOURCE16,"Buzby & al., 2014",2010,2010,166,,
FLFW,1. Food loss - Food waste,HOUSEHOLDS,Households,CALORIESBYCAPITABYDAY,calories/capita/day,FWVAR104,Food Loss - Meat,SOURCE16,"Buzby & al., 2014",2010,2010,83,,
FLFW,1. Food loss - Food waste,HOUSEHOLDS,Households,CALORIESBYCAPITABYDAY,calories/capita/day,FWVAR114,Food Loss - Other Dairy products,SOURCE16,"Buzby & al., 2014",2010,2010,53,,
FLFW,1. Food loss - Food waste,HOUSEHOLDS,Households,CALORIESBYCAPITABYDAY,calories/capita/day,FWVAR115,Food Loss - Poultry,SOURCE16,"Buzby & al., 2014",2010,2010,35,,
FLFW,1. Food loss - Food waste,HOUSEHOLDS,Households,CALORIESBYCAPITABYDAY,calories/capita/day,FWVAR117,Food Loss - Processed Fruit,SOURCE16,"Buzby & al., 2014",2010,2010,7,,
FLFW,1. Food loss - Food waste,HOUSEHOLDS,Households,CALORIESBYCAPITABYDAY,calories/capita/day,FWVAR119,Food Loss - Processed vegetables,SOURCE16,"Buzby & al., 2014",2010,2010,11,,
FLFW,1. Food loss - Food waste,HOUSEHOLDS,Households,CALORIESBYCAPITABYDAY,calories/capita/day,FWVAR128,Food Loss - Tree nuts and peanuts,SOURCE16,"Buzby & al., 2014",2010,2010,7,,
FLFW,1. Food loss - Food waste,HOUSEHOLDS,Households,KGBYCAPITA,kg/capita,FWVAR56,Food Loss,SOURCE16,"Buzby & al., 2014",2010,2010,131.5417886,,
FLFW,1. Food loss - Food waste,HOUSEHOLDS,Households,KGBYCAPITA,kg/capita,FWVAR64,Food Loss - Added fats and oils,SOURCE16,"Buzby & al., 2014",2010,2010,6.803885617,,
FLFW,1. Food loss - Food waste,HOUSEHOLDS,Households,KGBYCAPITA,kg/capita,FWVAR66,Food Loss - Added sugar and sweeteners,SOURCE16,"Buzby & al., 2014",2010,2010,18.14369498,,
FLFW,1. Food loss - Food waste,HOUSEHOLDS,Households,KGBYCAPITA,kg/capita,FWVAR81,Food Loss - Eggs,SOURCE16,"Buzby & al., 2014",2010,2010,3.175146622,,
FLFW,1. Food loss - Food waste,HOUSEHOLDS,Households,KGBYCAPITA,kg/capita,FWVAR87,Food Loss - Fish and seafodd,SOURCE16,"Buzby & al., 2014",2010,2010,2.267961873,,
FLFW,1. Food loss - Food waste,HOUSEHOLDS,Households,KGBYCAPITA,kg/capita,FWVAR89,Food Loss - Fluid milk,SOURCE16,"Buzby & al., 2014",2010,2010,15.42214073,,
FLFW,1. Food loss - Food waste,HOUSEHOLDS,Households,KGBYCAPITA,kg/capita,FWVAR92,Food Loss - Fresh Fruit,SOURCE16,"Buzby & al., 2014",2010,2010,14.06136361,,
FLFW,1. Food loss - Food waste,HOUSEHOLDS,Households,KGBYCAPITA,kg/capita,FWVAR94,Food Loss - Fresh vegetables,SOURCE16,"Buzby & al., 2014",2010,2010,18.59728735,,
FLFW,1. Food loss - Food waste,HOUSEHOLDS,Households,KGBYCAPITA,kg/capita,FWVAR100,Food Loss - Grain products,SOURCE16,"Buzby & al., 2014",2010,2010,16.32932548,,
FLFW,1. Food loss - Food waste,HOUSEHOLDS,Households,KGBYCAPITA,kg/capita,FWVAR104,Food Loss - Meat,SOURCE16,"Buzby & al., 2014",2010,2010,10.43262461,,
FLFW,1. Food loss - Food waste,HOUSEHOLDS,Households,KGBYCAPITA,kg/capita,FWVAR114,Food Loss - Other Dairy products,SOURCE16,"Buzby & al., 2014",2010,2010,8.164662741,,
FLFW,1. Food loss - Food waste,HOUSEHOLDS,Households,KGBYCAPITA,kg/capita,FWVAR115,Food Loss - Poultry,SOURCE16,"Buzby & al., 2014",2010,2010,5.896700868,,
FLFW,1. Food loss - Food waste,HOUSEHOLDS,Households,KGBYCAPITA,kg/capita,FWVAR117,Food Loss - Processed Fruit,SOURCE16,"Buzby & al., 2014",2010,2010,4.082331371,,
FLFW,1. Food loss - Food waste,HOUSEHOLDS,Households,KGBYCAPITA,kg/capita,FWVAR119,Food Loss - Processed vegetables,SOURCE16,"Buzby & al., 2014",2010,2010,7.711070366,,
FLFW,1. Food loss - Food waste,HOUSEHOLDS,Households,KGBYCAPITA,kg/capita,FWVAR128,Food Loss - Tree nuts and peanuts,SOURCE16,"Buzby & al., 2014",2010,2010,0.453592375,,
FLFW,1. Food loss - Food waste,HOUSEHOLDS,Households,MILLIONKG,Million kg,FWVAR56,Food Loss,SOURCE16,"Buzby & al., 2014",2010,2010,40777.95447,,
FLFW,1. Food loss - Food waste,HOUSEHOLDS,Households,MILLIONKG,Million kg,FWVAR64,Food Loss - Added fats and oils,SOURCE16,"Buzby & al., 2014",2010,2010,2041.165685,,
FLFW,1. Food loss - Food waste,HOUSEHOLDS,Households,MILLIONKG,Million kg,FWVAR66,Food Loss - Added sugar and sweeteners,SOURCE16,"Buzby & al., 2014",2010,2010,5579.186206,,
FLFW,1. Food loss - Food waste,HOUSEHOLDS,Households,MILLIONKG,Million kg,FWVAR81,Food Loss - Eggs,SOURCE16,"Buzby & al., 2014",2010,2010,952.5439864,,
FLFW,1. Food loss - Food waste,HOUSEHOLDS,Households,MILLIONKG,Million kg,FWVAR87,Food Loss - Fish and seafodd,SOURCE16,"Buzby & al., 2014",2010,2010,680.3885617,,
FLFW,1. Food loss - Food waste,HOUSEHOLDS,Households,MILLIONKG,Million kg,FWVAR89,Food Loss - Fluid milk,SOURCE16,"Buzby & al., 2014",2010,2010,4762.719932,,
FLFW,1. Food loss - Food waste,HOUSEHOLDS,Households,MILLIONKG,Million kg,FWVAR92,Food Loss - Fresh Fruit,SOURCE16,"Buzby & al., 2014",2010,2010,4309.127558,,
FLFW,1. Food loss - Food waste,HOUSEHOLDS,Households,MILLIONKG,Million kg,FWVAR94,Food Loss - Fresh vegetables,SOURCE16,"Buzby & al., 2014",2010,2010,5805.982394,,
FLFW,1. Food loss - Food waste,HOUSEHOLDS,Households,MILLIONKG,Million kg,FWVAR100,Food Loss - Grain products,SOURCE16,"Buzby & al., 2014",2010,2010,5125.593832,,
FLFW,1. Food loss - Food waste,HOUSEHOLDS,Households,MILLIONKG,Million kg,FWVAR104,Food Loss - Meat,SOURCE16,"Buzby & al., 2014",2010,2010,3265.865096,,
FLFW,1. Food loss - Food waste,HOUSEHOLDS,Households,MILLIONKG,Million kg,FWVAR114,Food Loss - Other Dairy products,SOURCE16,"Buzby & al., 2014",2010,2010,2585.476535,,
FLFW,1. Food loss - Food waste,HOUSEHOLDS,Households,MILLIONKG,Million kg,FWVAR115,Food Loss - Poultry,SOURCE16,"Buzby & al., 2014",2010,2010,1769.010261,,
FLFW,1. Food loss - Food waste,HOUSEHOLDS,Households,MILLIONKG,Million kg,FWVAR117,Food Loss - Processed Fruit,SOURCE16,"Buzby & al., 2014",2010,2010,1315.417886,,
FLFW,1. Food loss - Food waste,HOUSEHOLDS,Households,MILLIONKG,Million kg,FWVAR119,Food Loss - Processed vegetables,SOURCE16,"Buzby & al., 2014",2010,2010,2404.039585,,
FLFW,1. Food loss - Food waste,HOUSEHOLDS,Households,MILLIONKG,Million kg,FWVAR128,Food Loss - Tree nuts and peanuts,SOURCE16,"Buzby & al., 2014",2010,2010,136.0777124,,
FLFW,1. Food loss - Food waste,HOUSEHOLDS,Households,TONNES,tonnes,FWVAR476USA,Solid waste,SOURCE86,US DATA EPA,2010,2010,34760000,,
FLFW,1. Food loss - Food waste,HOUSEHOLDS,Households,PCT,%,FWVAR479,Solid waste considered food waste,SOURCE86,US DATA EPA,1994,1994,8.2,,
FLFW,1. Food loss - Food waste,HOUSEHOLDS,Households,PCT,%,FWVAR479,Solid waste considered food waste,SOURCE86,US DATA EPA,1999,1999,11.2,,
FLFW,1. Food loss - Food waste,HOUSEHOLDS,Households,PCT,%,FWVAR479,Solid waste considered food waste,SOURCE86,US DATA EPA,2005,2005,11.9,,
FLFW,1. Food loss - Food waste,HOUSEHOLDS,Households,PCT,%,FWVAR479,Solid waste considered food waste,SOURCE86,US DATA EPA,2008,2008,12.7,,
MAEI,3. Monetary and economic impact,HOUSEHOLDS,Households,MILLIONLOCALCURRENCY,Million Local Currency,FWVAR90,Food Loss - Fresh and processed Fruit,SOURCE14,"Buzby & al., 2011",2008,2008,9340,,
MAEI,3. Monetary and economic impact,HOUSEHOLDS,Households,MILLIONLOCALCURRENCY,Million Local Currency,FWVAR91,Food Loss - Fresh and processed vegetables,SOURCE14,"Buzby & al., 2011",2008,2008,34976,,
MAEI,3. Monetary and economic impact,HOUSEHOLDS,Households,MILLIONLOCALCURRENCY,Million Local Currency,FWVAR56,Food Loss,SOURCE15,"Buzby & al., 2012",2008,2008,118570,,
MAEI,3. Monetary and economic impact,HOUSEHOLDS,Households,MILLIONLOCALCURRENCY,Million Local Currency,FWVAR64,Food Loss - Added fats and oils,SOURCE15,"Buzby & al., 2012",2008,2008,4867,,
MAEI,3. Monetary and economic impact,HOUSEHOLDS,Households,MILLIONLOCALCURRENCY,Million Local Currency,FWVAR67,Food Loss - Added sugar and sweetners,SOURCE15,"Buzby & al., 2012",2008,2008,2450,,
MAEI,3. Monetary and economic impact,HOUSEHOLDS,Households,MILLIONLOCALCURRENCY,Million Local Currency,FWVAR75,Food Loss - Dairy products,SOURCE15,"Buzby & al., 2012",2008,2008,14679,,
MAEI,3. Monetary and economic impact,HOUSEHOLDS,Households,MILLIONLOCALCURRENCY,Million Local Currency,FWVAR81,Food Loss - Eggs,SOURCE15,"Buzby & al., 2012",2008,2008,1751,,
MAEI,3. Monetary and economic impact,HOUSEHOLDS,Households,MILLIONLOCALCURRENCY,Million Local Currency,FWVAR88,Food Loss - Fish and seafood,SOURCE15,"Buzby & al., 2012",2008,2008,6124,,
MAEI,3. Monetary and economic impact,HOUSEHOLDS,Households,MILLIONLOCALCURRENCY,Million Local Currency,FWVAR96,Food Loss - Fruit,SOURCE15,"Buzby & al., 2012",2008,2008,9340,,
MAEI,3. Monetary and economic impact,HOUSEHOLDS,Households,MILLIONLOCALCURRENCY,Million Local Currency,FWVAR100,Food Loss - Grain products,SOURCE15,"Buzby & al., 2012",2008,2008,6123,,
MAEI,3. Monetary and economic impact,HOUSEHOLDS,Households,MILLIONLOCALCURRENCY,Million Local Currency,FWVAR104,Food Loss - Meat,SOURCE15,"Buzby & al., 2012",2008,2008,27911,,
MAEI,3. Monetary and economic impact,HOUSEHOLDS,Households,MILLIONLOCALCURRENCY,Million Local Currency,FWVAR106,Food Loss - Meat + poultry and fish,SOURCE15,"Buzby & al., 2012",2008,2008,59844,,
MAEI,3. Monetary and economic impact,HOUSEHOLDS,Households,MILLIONLOCALCURRENCY,Million Local Currency,FWVAR115,Food Loss - Poultry,SOURCE15,"Buzby & al., 2012",2008,2008,25810,,
MAEI,3. Monetary and economic impact,HOUSEHOLDS,Households,MILLIONLOCALCURRENCY,Million Local Currency,FWVAR128,Food Loss - Tree nuts and peanuts,SOURCE15,"Buzby & al., 2012",2008,2008,1022,,
MAEI,3. Monetary and economic impact,HOUSEHOLDS,Households,MILLIONLOCALCURRENCY,Million Local Currency,FWVAR132,Food Loss - Vegetables,SOURCE15,"Buzby & al., 2012",2008,2008,18493,,
MAEI,3. Monetary and economic impact,HOUSEHOLDS,Households,LOCALCURRENCYBYCAPITA,Local Currency/capita,FWVAR56,Food Loss,SOURCE15,"Buzby & al., 2012",2008,2008,390,,
MAEI,3. Monetary and economic impact,HOUSEHOLDS,Households,LOCALCURRENCYBYCAPITA,Local Currency/capita,FWVAR64,Food Loss - Added fats and oils,SOURCE15,"Buzby & al., 2012",2008,2008,16,,
MAEI,3. Monetary and economic impact,HOUSEHOLDS,Households,LOCALCURRENCYBYCAPITA,Local Currency/capita,FWVAR67,Food Loss - Added sugar and sweetners,SOURCE15,"Buzby & al., 2012",2008,2008,8.1,,
MAEI,3. Monetary and economic impact,HOUSEHOLDS,Households,LOCALCURRENCYBYCAPITA,Local Currency/capita,FWVAR75,Food Loss - Dairy products,SOURCE15,"Buzby & al., 2012",2008,2008,48.3,,
MAEI,3. Monetary and economic impact,HOUSEHOLDS,Households,LOCALCURRENCYBYCAPITA,Local Currency/capita,FWVAR81,Food Loss - Eggs,SOURCE15,"Buzby & al., 2012",2008,2008,5.8,,
MAEI,3. Monetary and economic impact,HOUSEHOLDS,Households,LOCALCURRENCYBYCAPITA,Local Currency/capita,FWVAR88,Food Loss - Fish and seafood,SOURCE15,"Buzby & al., 2012",2008,2008,20.1,,
MAEI,3. Monetary and economic impact,HOUSEHOLDS,Households,LOCALCURRENCYBYCAPITA,Local Currency/capita,FWVAR96,Food Loss - Fruit,SOURCE15,"Buzby & al., 2012",2008,2008,30.7,,
MAEI,3. Monetary and economic impact,HOUSEHOLDS,Households,LOCALCURRENCYBYCAPITA,Local Currency/capita,FWVAR100,Food Loss - Grain products,SOURCE15,"Buzby & al., 2012",2008,2008,20.1,,
MAEI,3. Monetary and economic impact,HOUSEHOLDS,Households,LOCALCURRENCYBYCAPITA,Local Currency/capita,FWVAR104,Food Loss - Meat,SOURCE15,"Buzby & al., 2012",2008,2008,91.8,,
MAEI,3. Monetary and economic impact,HOUSEHOLDS,Households,LOCALCURRENCYBYCAPITA,Local Currency/capita,FWVAR106,Food Loss - Meat + poultry and fish,SOURCE15,"Buzby & al., 2012",2008,2008,196.8,,
MAEI,3. Monetary and economic impact,HOUSEHOLDS,Households,LOCALCURRENCYBYCAPITA,Local Currency/capita,FWVAR115,Food Loss - Poultry,SOURCE15,"Buzby & al., 2012",2008,2008,84.9,,
MAEI,3. Monetary and economic impact,HOUSEHOLDS,Households,LOCALCURRENCYBYCAPITA,Local Currency/capita,FWVAR128,Food Loss - Tree nuts and peanuts,SOURCE15,"Buzby & al., 2012",2008,2008,3.4,,
MAEI,3. Monetary and economic impact,HOUSEHOLDS,Households,LOCALCURRENCYBYCAPITA,Local Currency/capita,FWVAR132,Food Loss - Vegetables,SOURCE15,"Buzby & al., 2012",2008,2008,60.8,,
MAEI,3. Monetary and economic impact,HOUSEHOLDS,Households,MILLIONLOCALCURRENCY,Million Local Currency,FWVAR56,Food Loss,SOURCE16,"Buzby & al., 2014",2010,2010,114900,,
MAEI,3. Monetary and economic impact,HOUSEHOLDS,Households,MILLIONLOCALCURRENCY,Million Local Currency,FWVAR64,Food Loss - Added fats and oils,SOURCE16,"Buzby & al., 2014",2010,2010,6800,,
MAEI,3. Monetary and economic impact,HOUSEHOLDS,Households,MILLIONLOCALCURRENCY,Million Local Currency,FWVAR66,Food Loss - Added sugar and sweeteners,SOURCE16,"Buzby & al., 2014",2010,2010,4800,,
MAEI,3. Monetary and economic impact,HOUSEHOLDS,Households,MILLIONLOCALCURRENCY,Million Local Currency,FWVAR81,Food Loss - Eggs,SOURCE16,"Buzby & al., 2014",2010,2010,2300,,
MAEI,3. Monetary and economic impact,HOUSEHOLDS,Households,MILLIONLOCALCURRENCY,Million Local Currency,FWVAR87,Food Loss - Fish and seafodd,SOURCE16,"Buzby & al., 2014",2010,2010,7900,,
MAEI,3. Monetary and economic impact,HOUSEHOLDS,Households,MILLIONLOCALCURRENCY,Million Local Currency,FWVAR89,Food Loss - Fluid milk,SOURCE16,"Buzby & al., 2014",2010,2010,4000,,
MAEI,3. Monetary and economic impact,HOUSEHOLDS,Households,MILLIONLOCALCURRENCY,Million Local Currency,FWVAR92,Food Loss - Fresh Fruit,SOURCE16,"Buzby & al., 2014",2010,2010,10400,,
MAEI,3. Monetary and economic impact,HOUSEHOLDS,Households,MILLIONLOCALCURRENCY,Million Local Currency,FWVAR94,Food Loss - Fresh vegetables,SOURCE16,"Buzby & al., 2014",2010,2010,13200,,
MAEI,3. Monetary and economic impact,HOUSEHOLDS,Households,MILLIONLOCALCURRENCY,Million Local Currency,FWVAR100,Food Loss - Grain products,SOURCE16,"Buzby & al., 2014",2010,2010,6900,,
MAEI,3. Monetary and economic impact,HOUSEHOLDS,Households,MILLIONLOCALCURRENCY,Million Local Currency,FWVAR104,Food Loss - Meat,SOURCE16,"Buzby & al., 2014",2010,2010,19300,,
MAEI,3. Monetary and economic impact,HOUSEHOLDS,Households,MILLIONLOCALCURRENCY,Million Local Currency,FWVAR114,Food Loss - Other Dairy products,SOURCE16,"Buzby & al., 2014",2010,2010,14600,,
MAEI,3. Monetary and economic impact,HOUSEHOLDS,Households,MILLIONLOCALCURRENCY,Million Local Currency,FWVAR115,Food Loss - Poultry,SOURCE16,"Buzby & al., 2014",2010,2010,12500,,
MAEI,3. Monetary and economic impact,HOUSEHOLDS,Households,MILLIONLOCALCURRENCY,Million Local Currency,FWVAR117,Food Loss - Processed Fruit,SOURCE16,"Buzby & al., 2014",2010,2010,3700,,
MAEI,3. Monetary and economic impact,HOUSEHOLDS,Households,MILLIONLOCALCURRENCY,Million Local Currency,FWVAR119,Food Loss - Processed vegetables,SOURCE16,"Buzby & al., 2014",2010,2010,7200,,
MAEI,3. Monetary and economic impact,HOUSEHOLDS,Households,MILLIONLOCALCURRENCY,Million Local Currency,FWVAR128,Food Loss - Tree nuts and peanuts,SOURCE16,"Buzby & al., 2014",2010,2010,1300,,
MAEI,3. Monetary and economic impact,HOUSEHOLDS,Households,LOCALCURRENCYBYCAPITA,Local Currency/capita,FWVAR56,Food Loss,SOURCE16,"Buzby & al., 2014",2010,2010,371,,
MAEI,3. Monetary and economic impact,HOUSEHOLDS,Households,LOCALCURRENCYBYCAPITA,Local Currency/capita,FWVAR64,Food Loss - Added fats and oils,SOURCE16,"Buzby & al., 2014",2010,2010,22,,
MAEI,3. Monetary and economic impact,HOUSEHOLDS,Households,LOCALCURRENCYBYCAPITA,Local Currency/capita,FWVAR66,Food Loss - Added sugar and sweeteners,SOURCE16,"Buzby & al., 2014",2010,2010,15,,
MAEI,3. Monetary and economic impact,HOUSEHOLDS,Households,LOCALCURRENCYBYCAPITA,Local Currency/capita,FWVAR81,Food Loss - Eggs,SOURCE16,"Buzby & al., 2014",2010,2010,8,,
MAEI,3. Monetary and economic impact,HOUSEHOLDS,Households,LOCALCURRENCYBYCAPITA,Local Currency/capita,FWVAR87,Food Loss - Fish and seafodd,SOURCE16,"Buzby & al., 2014",2010,2010,25,,
MAEI,3. Monetary and economic impact,HOUSEHOLDS,Households,LOCALCURRENCYBYCAPITA,Local Currency/capita,FWVAR89,Food Loss - Fluid milk,SOURCE16,"Buzby & al., 2014",2010,2010,13,,
MAEI,3. Monetary and economic impact,HOUSEHOLDS,Households,LOCALCURRENCYBYCAPITA,Local Currency/capita,FWVAR92,Food Loss - Fresh Fruit,SOURCE16,"Buzby & al., 2014",2010,2010,34,,
MAEI,3. Monetary and economic impact,HOUSEHOLDS,Households,LOCALCURRENCYBYCAPITA,Local Currency/capita,FWVAR94,Food Loss - Fresh vegetables,SOURCE16,"Buzby & al., 2014",2010,2010,43,,
MAEI,3. Monetary and economic impact,HOUSEHOLDS,Households,LOCALCURRENCYBYCAPITA,Local Currency/capita,FWVAR100,Food Loss - Grain products,SOURCE16,"Buzby & al., 2014",2010,2010,22,,
MAEI,3. Monetary and economic impact,HOUSEHOLDS,Households,LOCALCURRENCYBYCAPITA,Local Currency/capita,FWVAR104,Food Loss - Meat,SOURCE16,"Buzby & al., 2014",2010,2010,62,,
MAEI,3. Monetary and economic impact,HOUSEHOLDS,Households,LOCALCURRENCYBYCAPITA,Local Currency/capita,FWVAR108USA,"Food Loss - Meat, poultry, and fish",SOURCE16,"Buzby & al., 2014",2010,2010,128,,
MAEI,3. Monetary and economic impact,HOUSEHOLDS,Households,LOCALCURRENCYBYCAPITA,Local Currency/capita,FWVAR114,Food Loss - Other Dairy products,SOURCE16,"Buzby & al., 2014",2010,2010,47,,
MAEI,3. Monetary and economic impact,HOUSEHOLDS,Households,LOCALCURRENCYBYCAPITA,Local Currency/capita,FWVAR115,Food Loss - Poultry,SOURCE16,"Buzby & al., 2014",2010,2010,40,,
MAEI,3. Monetary and economic impact,HOUSEHOLDS,Households,LOCALCURRENCYBYCAPITA,Local Currency/capita,FWVAR117,Food Loss - Processed Fruit,SOURCE16,"Buzby & al., 2014",2010,2010,12,,
MAEI,3. Monetary and economic impact,HOUSEHOLDS,Households,LOCALCURRENCYBYCAPITA,Local Currency/capita,FWVAR119,Food Loss - Processed vegetables,SOURCE16,"Buzby & al., 2014",2010,2010,23,,
MAEI,3. Monetary and economic impact,HOUSEHOLDS,Households,LOCALCURRENCYBYCAPITA,Local Currency/capita,FWVAR128,Food Loss - Tree nuts and peanuts,SOURCE16,"Buzby & al., 2014",2010,2010,4,,
FLFW,1. Food loss - Food waste,COMBINEDPOST-PRODUCTIONANDPRE,Combined : Post-production and Pre-consumption,TONNES,tonnes,FWVAR226,Food Waste - Animal Fats,SOURCE31,FAO - Food balance sheets 2009,2009,2009,121000,,
FLFW,1. Food loss - Food waste,COMBINEDPOST-PRODUCTIONANDPRE,Combined : Post-production and Pre-consumption,TONNES,tonnes,FWVAR243,Food Waste - Cereals - Excluding Beer,SOURCE31,FAO - Food balance sheets 2009,2009,2009,972000,,
FLFW,1. Food loss - Food waste,COMBINEDPOST-PRODUCTIONANDPRE,Combined : Post-production and Pre-consumption,TONNES,tonnes,FWVAR266,Food Waste - Eggs,SOURCE31,FAO - Food balance sheets 2009,2009,2009,110000,,
FLFW,1. Food loss - Food waste,COMBINEDPOST-PRODUCTIONANDPRE,Combined : Post-production and Pre-consumption,TONNES,tonnes,FWVAR287,Food Waste - Fruits - Excluding Wine,SOURCE31,FAO - Food balance sheets 2009,2009,2009,1396000,,
FLFW,1. Food loss - Food waste,COMBINEDPOST-PRODUCTIONANDPRE,Combined : Post-production and Pre-consumption,TONNES,tonnes,FWVAR316,Food Waste - Oilcrops,SOURCE31,FAO - Food balance sheets 2009,2009,2009,570000,,
FLFW,1. Food loss - Food waste,COMBINEDPOST-PRODUCTIONANDPRE,Combined : Post-production and Pre-consumption,TONNES,tonnes,FWVAR335,Food Waste - Pulses,SOURCE31,FAO - Food balance sheets 2009,2009,2009,1000,,
FLFW,1. Food loss - Food waste,COMBINEDPOST-PRODUCTIONANDPRE,Combined : Post-production and Pre-consumption,TONNES,tonnes,FWVAR347,Food Waste - Starchy Roots,SOURCE31,FAO - Food balance sheets 2009,2009,2009,1335000,,
FLFW,1. Food loss - Food waste,COMBINEDPOST-PRODUCTIONANDPRE,Combined : Post-production and Pre-consumption,TONNES,tonnes,FWVAR350,Food Waste - Sugar & Sweeteners,SOURCE31,FAO - Food balance sheets 2009,2009,2009,44000,,
FLFW,1. Food loss - Food waste,COMBINEDPOST-PRODUCTIONANDPRE,Combined : Post-production and Pre-consumption,TONNES,tonnes,FWVAR355,Food Waste - Treenuts,SOURCE31,FAO - Food balance sheets 2009,2009,2009,142000,,
FLFW,1. Food loss - Food waste,COMBINEDPOST-PRODUCTIONANDPRE,Combined : Post-production and Pre-consumption,TONNES,tonnes,FWVAR357,Food Waste - Vegetable Oils,SOURCE31,FAO - Food balance sheets 2009,2009,2009,279000,,
FLFW,1. Food loss - Food waste,COMBINEDPOST-PRODUCTIONANDPRE,Combined : Post-production and Pre-consumption,TONNES,tonnes,FWVAR358,Food Waste - Vegetables,SOURCE31,FAO - Food balance sheets 2009,2009,2009,2316000,,
FLFW,1. Food loss - Food waste,COMBINEDFOODSERVICETOHOUSEHOL,Combined: food service to households,PCT,%,FWVAR73,Food Loss - Caloric sweeteners in available food,SOURCE48,Kantor et al. 1997,1995,1995,30,,
FLFW,1. Food loss - Food waste,COMBINEDFOODSERVICETOHOUSEHOL,Combined: food service to households,PCT,%,FWVAR76USA,Food Loss - Dairy products in available food,SOURCE48,Kantor et al. 1997,1995,1995,30,,
FLFW,1. Food loss - Food waste,COMBINEDFOODSERVICETOHOUSEHOL,Combined: food service to households,PCT,%,FWVAR79USA,Food Loss - Dry beans + peas and lentils in available food,SOURCE48,Kantor et al. 1997,1995,1995,15,,
FLFW,1. Food loss - Food waste,COMBINEDFOODSERVICETOHOUSEHOL,Combined: food service to households,PCT,%,FWVAR82USA,Food Loss - Eggs in available food,SOURCE48,Kantor et al. 1997,1995,1995,29,,
FLFW,1. Food loss - Food waste,COMBINEDFOODSERVICETOHOUSEHOL,Combined: food service to households,PCT,%,FWVAR85USA,Food Loss - Fats and oils in available food,SOURCE48,Kantor et al. 1997,1995,1995,32,,
FLFW,1. Food loss - Food waste,COMBINEDFOODSERVICETOHOUSEHOL,Combined: food service to households,PCT,%,FWVAR98USA,Food Loss - Fruit in available food,SOURCE48,Kantor et al. 1997,1995,1995,23,,
FLFW,1. Food loss - Food waste,COMBINEDFOODSERVICETOHOUSEHOL,Combined: food service to households,PCT,%,FWVAR101USA,Food Loss - Grain products in available food,SOURCE48,Kantor et al. 1997,1995,1995,30,,
FLFW,1. Food loss - Food waste,COMBINEDFOODSERVICETOHOUSEHOL,Combined: food service to households,PCT,%,FWVAR107,Food Loss - Meat + poultry and fish in available food,SOURCE48,Kantor et al. 1997,1995,1995,15,,
FLFW,1. Food loss - Food waste,COMBINEDFOODSERVICETOHOUSEHOL,Combined: food service to households,PCT,%,FWVAR129USA,Food Loss - Tree nuts and peanuts in available food,SOURCE48,Kantor et al. 1997,1995,1995,15,,
FLFW,1. Food loss - Food waste,COMBINEDFOODSERVICETOHOUSEHOL,Combined: food service to households,PCT,%,FWVAR133USA,Food Loss - Vegetables in available food,SOURCE48,Kantor et al. 1997,1995,1995,24,,
FLFW,1. Food loss - Food waste,COMBINEDFOODSERVICETOHOUSEHOL,Combined: food service to households,PCT,%,FWVAR161USA,Food Loss in available food,SOURCE48,Kantor et al. 1997,1995,1995,26,,
FLFW,1. Food loss - Food waste,COMBINEDFOODSERVICETOHOUSEHOL,Combined: food service to households,MILLIONKG,Million kg,FWVAR59,Food Loss -  Dry beans + peas and lentils,SOURCE48,Kantor et al. 1997,1995,1995,152.4070378,,
FLFW,1. Food loss - Food waste,COMBINEDFOODSERVICETOHOUSEHOL,Combined: food service to households,MILLIONKG,Million kg,FWVAR72,Food Loss - Caloric sweeteners,SOURCE48,Kantor et al. 1997,1995,1995,5204.065313,,
FLFW,1. Food loss - Food waste,COMBINEDFOODSERVICETOHOUSEHOL,Combined: food service to households,MILLIONKG,Million kg,FWVAR75,Food Loss - Dairy products,SOURCE48,Kantor et al. 1997,1995,1995,10379.55431,,
FLFW,1. Food loss - Food waste,COMBINEDFOODSERVICETOHOUSEHOL,Combined: food service to households,MILLIONKG,Million kg,FWVAR81,Food Loss - Eggs,SOURCE48,Kantor et al. 1997,1995,1995,1055.963048,,
FLFW,1. Food loss - Food waste,COMBINEDFOODSERVICETOHOUSEHOL,Combined: food service to households,MILLIONKG,Million kg,FWVAR84,Food Loss - Fats and oils,SOURCE48,Kantor et al. 1997,1995,1995,2977.380346,,
FLFW,1. Food loss - Food waste,COMBINEDFOODSERVICETOHOUSEHOL,Combined: food service to households,MILLIONKG,Million kg,FWVAR96,Food Loss - Fruit,SOURCE48,Kantor et al. 1997,1995,1995,4812.161501,,
FLFW,1. Food loss - Food waste,COMBINEDFOODSERVICETOHOUSEHOL,Combined: food service to households,MILLIONKG,Million kg,FWVAR106,Food Loss - Meat + poultry and fish,SOURCE48,Kantor et al. 1997,1995,1995,3501.733131,,
FLFW,1. Food loss - Food waste,COMBINEDFOODSERVICETOHOUSEHOL,Combined: food service to households,MILLIONKG,Million kg,FWVAR128,Food Loss - Tree nuts and peanuts,SOURCE48,Kantor et al. 1997,1995,1995,125.1914954,,
FLFW,1. Food loss - Food waste,COMBINEDFOODSERVICETOHOUSEHOL,Combined: food service to households,MILLIONKG,Million kg,FWVAR132,Food Loss - Vegetables,SOURCE48,Kantor et al. 1997,1995,1995,6779.845222,,
FLFW,1. Food loss - Food waste,COMBINEDFOODSERVICETOHOUSEHOL,Combined: food service to households,MILLIONKG,Million kg,FWVAR191USA,Food service and consumer total food Loss,SOURCE48,Kantor et al. 1997,1995,1995,41194.35227,,
FLFW,1. Food loss - Food waste,COMBINEDRETAILPLUSFOODSERVICE,Combined: Retail + food services + households,PCT,%,FWVAR57USA,Food Loss -  Caloric sweeteners,SOURCE48,Kantor et al. 1997,1995,1995,31,,
FLFW,1. Food loss - Food waste,COMBINEDRETAILPLUSFOODSERVICE,Combined: Retail + food services + households,PCT,%,FWVAR58USA,Food Loss -  Dairy products,SOURCE48,Kantor et al. 1997,1995,1995,32,,
FLFW,1. Food loss - Food waste,COMBINEDRETAILPLUSFOODSERVICE,Combined: Retail + food services + households,PCT,%,FWVAR59,Food Loss -  Dry beans + peas and lentils,SOURCE48,Kantor et al. 1997,1995,1995,16,,
FLFW,1. Food loss - Food waste,COMBINEDRETAILPLUSFOODSERVICE,Combined: Retail + food services + households,PCT,%,FWVAR60USA,Food Loss -  Eggs,SOURCE48,Kantor et al. 1997,1995,1995,31,,
FLFW,1. Food loss - Food waste,COMBINEDRETAILPLUSFOODSERVICE,Combined: Retail + food services + households,PCT,%,FWVAR61USA,Food Loss -  Fats and oils,SOURCE48,Kantor et al. 1997,1995,1995,33,,
FLFW,1. Food loss - Food waste,COMBINEDRETAILPLUSFOODSERVICE,Combined: Retail + food services + households,PCT,%,FWVAR62USA,Food Loss -  Tree nuts and peanuts,SOURCE48,Kantor et al. 1997,1995,1995,16,,
FLFW,1. Food loss - Food waste,COMBINEDRETAILPLUSFOODSERVICE,Combined: Retail + food services + households,PCT,%,FWVAR63USA,Food Loss -  Vegetables,SOURCE48,Kantor et al. 1997,1995,1995,25,,
FLFW,1. Food loss - Food waste,COMBINEDRETAILPLUSFOODSERVICE,Combined: Retail + food services + households,PCT,%,FWVAR89,Food Loss - Fluid milk,SOURCE48,Kantor et al. 1997,1995,1995,32,,
FLFW,1. Food loss - Food waste,COMBINEDRETAILPLUSFOODSERVICE,Combined: Retail + food services + households,PCT,%,FWVAR93,Food Loss - Fresh Fruit and Vegetables,SOURCE48,Kantor et al. 1997,1995,1995,64,,
FLFW,1. Food loss - Food waste,COMBINEDRETAILPLUSFOODSERVICE,Combined: Retail + food services + households,PCT,%,FWVAR118,Food Loss - Processed Fruit and vegetables,SOURCE48,Kantor et al. 1997,1995,1995,36,,
FLFW,1. Food loss - Food waste,COMBINEDRETAILPLUSFOODSERVICE,Combined: Retail + food services + households,PCT,%,FWVAR162USA,Food Loss in available fruit,SOURCE48,Kantor et al. 1997,1995,1995,23,,
FLFW,1. Food loss - Food waste,COMBINEDRETAILPLUSFOODSERVICE,Combined: Retail + food services + households,PCT,%,FWVAR163USA,Food Loss in available grain products,SOURCE48,Kantor et al. 1997,1995,1995,32,,
FLFW,1. Food loss - Food waste,COMBINEDRETAILPLUSFOODSERVICE,Combined: Retail + food services + households,PCT,%,FWVAR164USA,Food Loss in available meat + poultry and fish,SOURCE48,Kantor et al. 1997,1995,1995,16,,
FLFW,1. Food loss - Food waste,COMBINEDRETAILPLUSFOODSERVICE,Combined: Retail + food services + households,PCT,%,FWVAR165USA,Food Loss in available other food,SOURCE48,Kantor et al. 1997,1995,1995,10.5,,
FLFW,1. Food loss - Food waste,COMBINEDRETAILPLUSFOODSERVICE,Combined: Retail + food services + households,PCT,%,FWVAR166USA,Food Loss in edible available food,SOURCE48,Kantor et al. 1997,1995,1995,27,,
FLFW,1. Food loss - Food waste,COMBINEDRETAILPLUSFOODSERVICE,Combined: Retail + food services + households,MILLIONKG,Million kg,FWVAR46USA,Fats and oils loss at the retailers + foodservice and consumer stages,SOURCE48,Kantor et al. 1997,1995,1995,3084.428147,,
FLFW,1. Food loss - Food waste,COMBINEDRETAILPLUSFOODSERVICE,Combined: Retail + food services + households,MILLIONKG,Million kg,FWVAR56,Food Loss,SOURCE48,Kantor et al. 1997,1995,1995,43665.52352,,
FLFW,1. Food loss - Food waste,COMBINEDRETAILPLUSFOODSERVICE,Combined: Retail + food services + households,MILLIONKG,Million kg,FWVAR72,Food Loss - Caloric sweeteners,SOURCE48,Kantor et al. 1997,1995,1995,5380.059154,,
FLFW,1. Food loss - Food waste,COMBINEDRETAILPLUSFOODSERVICE,Combined: Retail + food services + households,MILLIONKG,Million kg,FWVAR75,Food Loss - Dairy products,SOURCE48,Kantor et al. 1997,1995,1995,11071.28268,,
FLFW,1. Food loss - Food waste,COMBINEDRETAILPLUSFOODSERVICE,Combined: Retail + food services + households,MILLIONKG,Million kg,FWVAR78,Food Loss - Dry beans + peas and lentils,SOURCE48,Kantor et al. 1997,1995,1995,162.8396624,,
FLFW,1. Food loss - Food waste,COMBINEDRETAILPLUSFOODSERVICE,Combined: Retail + food services + households,MILLIONKG,Million kg,FWVAR81,Food Loss - Eggs,SOURCE48,Kantor et al. 1997,1995,1995,1127.630643,,
FLFW,1. Food loss - Food waste,COMBINEDRETAILPLUSFOODSERVICE,Combined: Retail + food services + households,MILLIONKG,Million kg,FWVAR89,Food Loss - Fluid milk,SOURCE48,Kantor et al. 1997,1995,1995,7906.56868,,
FLFW,1. Food loss - Food waste,COMBINEDRETAILPLUSFOODSERVICE,Combined: Retail + food services + households,MILLIONKG,Million kg,FWVAR93,Food Loss - Fresh Fruit and Vegetables,SOURCE48,Kantor et al. 1997,1995,1995,8596.029089,,
FLFW,1. Food loss - Food waste,COMBINEDRETAILPLUSFOODSERVICE,Combined: Retail + food services + households,MILLIONKG,Million kg,FWVAR96,Food Loss - Fruit,SOURCE48,Kantor et al. 1997,1995,1995,5132.85131,,
FLFW,1. Food loss - Food waste,COMBINEDRETAILPLUSFOODSERVICE,Combined: Retail + food services + households,MILLIONKG,Million kg,FWVAR100,Food Loss - Grain products,SOURCE48,Kantor et al. 1997,1995,1995,6619.727113,,
FLFW,1. Food loss - Food waste,COMBINEDRETAILPLUSFOODSERVICE,Combined: Retail + food services + households,MILLIONKG,Million kg,FWVAR106,Food Loss - Meat + poultry and fish,SOURCE48,Kantor et al. 1997,1995,1995,3735.333204,,
FLFW,1. Food loss - Food waste,COMBINEDRETAILPLUSFOODSERVICE,Combined: Retail + food services + households,MILLIONKG,Million kg,FWVAR118,Food Loss - Processed Fruit and vegetables,SOURCE48,Kantor et al. 1997,1995,1995,3770.259817,,
FLFW,1. Food loss - Food waste,COMBINEDRETAILPLUSFOODSERVICE,Combined: Retail + food services + households,MILLIONKG,Million kg,FWVAR128,Food Loss - Tree nuts and peanuts,SOURCE48,Kantor et al. 1997,1995,1995,133.8097505,,
FLFW,1. Food loss - Food waste,COMBINEDRETAILPLUSFOODSERVICE,Combined: Retail + food services + households,MILLIONKG,Million kg,FWVAR132,Food Loss - Vegetables,SOURCE48,Kantor et al. 1997,1995,1995,7232.984004,,
FLFW,1. Food loss - Food waste,COMBINEDRETAILPLUSFOODSERVICE,Combined: Retail + food services + households,MILLIONKG,Million kg,FWVAR439USA,Other food loss,SOURCE48,Kantor et al. 1997,1995,1995,4581.282982,,
FLFW,1. Food loss - Food waste,COMBINEDRETAILTOHOUSEHOLDS,Combined: retail to households,PCT,%,FWVAR73,Food Loss - Caloric sweeteners in available food,SOURCE48,Kantor et al. 1997,1995,1995,12.4,,
FLFW,1. Food loss - Food waste,COMBINEDRETAILTOHOUSEHOLDS,Combined: retail to households,PCT,%,FWVAR83USA,Food Loss - Fats and oil in available food,SOURCE48,Kantor et al. 1997,1995,1995,7.1,,
FLFW,1. Food loss - Food waste,COMBINEDRETAILTOHOUSEHOLDS,Combined: retail to households,PCT,%,FWVAR107,Food Loss - Meat + poultry and fish in available food,SOURCE48,Kantor et al. 1997,1995,1995,8.5,,
OTH,4. Others,TOTAL,Total,KG,kg,FWVAR484,Total food supply,SOURCE15,"Buzby & al., 2012",2008,2008,683.7,,
OTH,4. Others,TOTAL,Total,LOCALCURRENCYBYCAPITA,Local Currency/capita,FWVAR192,Food Supply - Added fats and oils,SOURCE15,"Buzby & al., 2012",2008,2008,123,,
OTH,4. Others,TOTAL,Total,LOCALCURRENCYBYCAPITA,Local Currency/capita,FWVAR194USA,Food Supply - Added sugar and sweetners,SOURCE15,"Buzby & al., 2012",2008,2008,45,,
OTH,4. Others,TOTAL,Total,LOCALCURRENCYBYCAPITA,Local Currency/capita,FWVAR195USA,Food Supply - Dairy products,SOURCE15,"Buzby & al., 2012",2008,2008,321,,
OTH,4. Others,TOTAL,Total,LOCALCURRENCYBYCAPITA,Local Currency/capita,FWVAR196,Food Supply - Eggs,SOURCE15,"Buzby & al., 2012",2008,2008,42,,
OTH,4. Others,TOTAL,Total,LOCALCURRENCYBYCAPITA,Local Currency/capita,FWVAR197,Food Supply - Fish and seafood,SOURCE15,"Buzby & al., 2012",2008,2008,79,,
OTH,4. Others,TOTAL,Total,LOCALCURRENCYBYCAPITA,Local Currency/capita,FWVAR201USA,Food Supply - Fruit,SOURCE15,"Buzby & al., 2012",2008,2008,204,,
OTH,4. Others,TOTAL,Total,LOCALCURRENCYBYCAPITA,Local Currency/capita,FWVAR202,Food Supply - Grain products,SOURCE15,"Buzby & al., 2012",2008,2008,114,,
OTH,4. Others,TOTAL,Total,LOCALCURRENCYBYCAPITA,Local Currency/capita,FWVAR203,Food Supply - Meat,SOURCE15,"Buzby & al., 2012",2008,2008,273,,
OTH,4. Others,TOTAL,Total,LOCALCURRENCYBYCAPITA,Local Currency/capita,FWVAR204USA,Food Supply - Meat + poultry and fish,SOURCE15,"Buzby & al., 2012",2008,2008,580,,
OTH,4. Others,TOTAL,Total,LOCALCURRENCYBYCAPITA,Local Currency/capita,FWVAR206,Food Supply - Poultry,SOURCE15,"Buzby & al., 2012",2008,2008,227,,
OTH,4. Others,TOTAL,Total,LOCALCURRENCYBYCAPITA,Local Currency/capita,FWVAR210USA,Food Supply - Tree nuts and peanuts,SOURCE15,"Buzby & al., 2012",2008,2008,36,,
OTH,4. Others,TOTAL,Total,LOCALCURRENCYBYCAPITA,Local Currency/capita,FWVAR211USA,Food Supply - Vegetables,SOURCE15,"Buzby & al., 2012",2008,2008,340,,
OTH,4. Others,TOTAL,Total,BILLIONCALORIES,billion calories,FWVAR484,Total food supply,SOURCE16,"Buzby & al., 2014",2010,2010,1175.8,,
OTH,4. Others,TOTAL,Total,CALORIESBYCAPITABYDAY,calories/capita/day,FWVAR484,Total food supply,SOURCE16,"Buzby & al., 2014",2010,2010,3796,,
OTH,4. Others,TOTAL,Total,CALORIESBYCAPITABYDAY,calories/capita/day,FWVAR192,Food Supply - Added fats and oils,SOURCE16,"Buzby & al., 2014",2010,2010,911,,
OTH,4. Others,TOTAL,Total,CALORIESBYCAPITABYDAY,calories/capita/day,FWVAR193,Food Supply - Added sugar and sweeteners,SOURCE16,"Buzby & al., 2014",2010,2010,623,,
OTH,4. Others,TOTAL,Total,CALORIESBYCAPITABYDAY,calories/capita/day,FWVAR196,Food Supply - Eggs,SOURCE16,"Buzby & al., 2014",2010,2010,50,,
OTH,4. Others,TOTAL,Total,CALORIESBYCAPITABYDAY,calories/capita/day,FWVAR197,Food Supply - Fish and seafood,SOURCE16,"Buzby & al., 2014",2010,2010,23,,
OTH,4. Others,TOTAL,Total,CALORIESBYCAPITABYDAY,calories/capita/day,FWVAR198,Food Supply - Fluid milk,SOURCE16,"Buzby & al., 2014",2010,2010,109,,
OTH,4. Others,TOTAL,Total,CALORIESBYCAPITABYDAY,calories/capita/day,FWVAR199,Food Supply - Fresh Fruit,SOURCE16,"Buzby & al., 2014",2010,2010,63,,
OTH,4. Others,TOTAL,Total,CALORIESBYCAPITABYDAY,calories/capita/day,FWVAR200,Food Supply - Fresh vegetables,SOURCE16,"Buzby & al., 2014",2010,2010,72,,
OTH,4. Others,TOTAL,Total,CALORIESBYCAPITABYDAY,calories/capita/day,FWVAR202,Food Supply - Grain products,SOURCE16,"Buzby & al., 2014",2010,2010,881,,
OTH,4. Others,TOTAL,Total,CALORIESBYCAPITABYDAY,calories/capita/day,FWVAR203,Food Supply - Meat,SOURCE16,"Buzby & al., 2014",2010,2010,367,,
OTH,4. Others,TOTAL,Total,CALORIESBYCAPITABYDAY,calories/capita/day,FWVAR205,Food Supply - Other Dairy products,SOURCE16,"Buzby & al., 2014",2010,2010,258,,
OTH,4. Others,TOTAL,Total,CALORIESBYCAPITABYDAY,calories/capita/day,FWVAR206,Food Supply - Poultry,SOURCE16,"Buzby & al., 2014",2010,2010,201,,
OTH,4. Others,TOTAL,Total,CALORIESBYCAPITABYDAY,calories/capita/day,FWVAR207,Food Supply - Processed Fruit,SOURCE16,"Buzby & al., 2014",2010,2010,57,,
OTH,4. Others,TOTAL,Total,CALORIESBYCAPITABYDAY,calories/capita/day,FWVAR208,Food Supply - Processed vegetables,SOURCE16,"Buzby & al., 2014",2010,2010,97,,
OTH,4. Others,TOTAL,Total,CALORIESBYCAPITABYDAY,calories/capita/day,FWVAR209,Food Supply - Tree nets and peanuts,SOURCE16,"Buzby & al., 2014",2010,2010,83,,
OTH,4. Others,TOTAL,Total,MILLIONLOCALCURRENCY,Million Local Currency,FWVAR484,Total food supply,SOURCE16,"Buzby & al., 2014",2010,2010,554000,,
OTH,4. Others,TOTAL,Total,MILLIONLOCALCURRENCY,Million Local Currency,FWVAR192,Food Supply - Added fats and oils,SOURCE16,"Buzby & al., 2014",2010,2010,34200,,
OTH,4. Others,TOTAL,Total,MILLIONLOCALCURRENCY,Million Local Currency,FWVAR193,Food Supply - Added sugar and sweeteners,SOURCE16,"Buzby & al., 2014",2010,2010,16400,,
OTH,4. Others,TOTAL,Total,MILLIONLOCALCURRENCY,Million Local Currency,FWVAR196,Food Supply - Eggs,SOURCE16,"Buzby & al., 2014",2010,2010,10900,,
OTH,4. Others,TOTAL,Total,MILLIONLOCALCURRENCY,Million Local Currency,FWVAR197,Food Supply - Fish and seafood,SOURCE16,"Buzby & al., 2014",2010,2010,24800,,
OTH,4. Others,TOTAL,Total,MILLIONLOCALCURRENCY,Million Local Currency,FWVAR198,Food Supply - Fluid milk,SOURCE16,"Buzby & al., 2014",2010,2010,20000,,
OTH,4. Others,TOTAL,Total,MILLIONLOCALCURRENCY,Million Local Currency,FWVAR199,Food Supply - Fresh Fruit,SOURCE16,"Buzby & al., 2014",2010,2010,37100,,
OTH,4. Others,TOTAL,Total,MILLIONLOCALCURRENCY,Million Local Currency,FWVAR200,Food Supply - Fresh vegetables,SOURCE16,"Buzby & al., 2014",2010,2010,62100,,
OTH,4. Others,TOTAL,Total,MILLIONLOCALCURRENCY,Million Local Currency,FWVAR202,Food Supply - Grain products,SOURCE16,"Buzby & al., 2014",2010,2010,36100,,
OTH,4. Others,TOTAL,Total,MILLIONLOCALCURRENCY,Million Local Currency,FWVAR203,Food Supply - Meat,SOURCE16,"Buzby & al., 2014",2010,2010,83400,,
OTH,4. Others,TOTAL,Total,MILLIONLOCALCURRENCY,Million Local Currency,FWVAR205,Food Supply - Other Dairy products,SOURCE16,"Buzby & al., 2014",2010,2010,71500,,
OTH,4. Others,TOTAL,Total,MILLIONLOCALCURRENCY,Million Local Currency,FWVAR206,Food Supply - Poultry,SOURCE16,"Buzby & al., 2014",2010,2010,73600,,
OTH,4. Others,TOTAL,Total,MILLIONLOCALCURRENCY,Million Local Currency,FWVAR207,Food Supply - Processed Fruit,SOURCE16,"Buzby & al., 2014",2010,2010,25000,,
OTH,4. Others,TOTAL,Total,MILLIONLOCALCURRENCY,Million Local Currency,FWVAR208,Food Supply - Processed vegetables,SOURCE16,"Buzby & al., 2014",2010,2010,46600,,
OTH,4. Others,TOTAL,Total,MILLIONLOCALCURRENCY,Million Local Currency,FWVAR209,Food Supply - Tree nets and peanuts,SOURCE16,"Buzby & al., 2014",2010,2010,12100,,
OTH,4. Others,TOTAL,Total,KGBYCAPITA,kg/capita,FWVAR484,Total food supply,SOURCE16,"Buzby & al., 2014",2010,2010,629.5862158,,
OTH,4. Others,TOTAL,Total,KGBYCAPITA,kg/capita,FWVAR192,Food Supply - Added fats and oils,SOURCE16,"Buzby & al., 2014",2010,2010,38.10175946,,
OTH,4. Others,TOTAL,Total,KGBYCAPITA,kg/capita,FWVAR193,Food Supply - Added sugar and sweeteners,SOURCE16,"Buzby & al., 2014",2010,2010,59.87419343,,
OTH,4. Others,TOTAL,Total,KGBYCAPITA,kg/capita,FWVAR196,Food Supply - Eggs,SOURCE16,"Buzby & al., 2014",2010,2010,14.51495598,,
OTH,4. Others,TOTAL,Total,KGBYCAPITA,kg/capita,FWVAR197,Food Supply - Fish and seafood,SOURCE16,"Buzby & al., 2014",2010,2010,7.257477992,,
OTH,4. Others,TOTAL,Total,KGBYCAPITA,kg/capita,FWVAR198,Food Supply - Fluid milk,SOURCE16,"Buzby & al., 2014",2010,2010,78.92507316,,
OTH,4. Others,TOTAL,Total,KGBYCAPITA,kg/capita,FWVAR199,Food Supply - Fresh Fruit,SOURCE16,"Buzby & al., 2014",2010,2010,54.88467731,,
OTH,4. Others,TOTAL,Total,KGBYCAPITA,kg/capita,FWVAR200,Food Supply - Fresh vegetables,SOURCE16,"Buzby & al., 2014",2010,2010,78.47148079,,
OTH,4. Others,TOTAL,Total,KGBYCAPITA,kg/capita,FWVAR202,Food Supply - Grain products,SOURCE16,"Buzby & al., 2014",2010,2010,88.45051303,,
OTH,4. Others,TOTAL,Total,KGBYCAPITA,kg/capita,FWVAR203,Food Supply - Meat,SOURCE16,"Buzby & al., 2014",2010,2010,46.2664222,,
OTH,4. Others,TOTAL,Total,KGBYCAPITA,kg/capita,FWVAR205,Food Supply - Other Dairy products,SOURCE16,"Buzby & al., 2014",2010,2010,42.6376832,,
OTH,4. Others,TOTAL,Total,KGBYCAPITA,kg/capita,FWVAR206,Food Supply - Poultry,SOURCE16,"Buzby & al., 2014",2010,2010,32.20505859,,
OTH,4. Others,TOTAL,Total,KGBYCAPITA,kg/capita,FWVAR207,Food Supply - Processed Fruit,SOURCE16,"Buzby & al., 2014",2010,2010,39.00894421,,
OTH,4. Others,TOTAL,Total,KGBYCAPITA,kg/capita,FWVAR208,Food Supply - Processed vegetables,SOURCE16,"Buzby & al., 2014",2010,2010,44.4520527,,
OTH,4. Others,TOTAL,Total,KGBYCAPITA,kg/capita,FWVAR209,Food Supply - Tree nets and peanuts,SOURCE16,"Buzby & al., 2014",2010,2010,4.989516119,,
OTH,4. Others,TOTAL,Total,MILLIONKG,Million kg,FWVAR484,Total food supply,SOURCE16,"Buzby & al., 2014",2010,2010,195044.721,,
OTH,4. Others,TOTAL,Total,MILLIONKG,Million kg,FWVAR192,Food Supply - Added fats and oils,SOURCE16,"Buzby & al., 2014",2010,2010,11793.40174,,
OTH,4. Others,TOTAL,Total,MILLIONKG,Million kg,FWVAR193,Food Supply - Added sugar and sweeteners,SOURCE16,"Buzby & al., 2014",2010,2010,18506.56888,,
OTH,4. Others,TOTAL,Total,MILLIONKG,Million kg,FWVAR196,Food Supply - Eggs,SOURCE16,"Buzby & al., 2014",2010,2010,4445.20527,,
OTH,4. Others,TOTAL,Total,MILLIONKG,Million kg,FWVAR197,Food Supply - Fish and seafood,SOURCE16,"Buzby & al., 2014",2010,2010,2177.243398,,
OTH,4. Others,TOTAL,Total,MILLIONKG,Million kg,FWVAR198,Food Supply - Fluid milk,SOURCE16,"Buzby & al., 2014",2010,2010,24403.26975,,
OTH,4. Others,TOTAL,Total,MILLIONKG,Million kg,FWVAR199,Food Supply - Fresh Fruit,SOURCE16,"Buzby & al., 2014",2010,2010,17055.07328,,
OTH,4. Others,TOTAL,Total,MILLIONKG,Million kg,FWVAR200,Food Supply - Fresh vegetables,SOURCE16,"Buzby & al., 2014",2010,2010,24267.19204,,
OTH,4. Others,TOTAL,Total,MILLIONKG,Million kg,FWVAR202,Food Supply - Grain products,SOURCE16,"Buzby & al., 2014",2010,2010,27396.97942,,
OTH,4. Others,TOTAL,Total,MILLIONKG,Million kg,FWVAR203,Food Supply - Meat,SOURCE16,"Buzby & al., 2014",2010,2010,14333.51903,,
OTH,4. Others,TOTAL,Total,MILLIONKG,Million kg,FWVAR205,Food Supply - Other Dairy products,SOURCE16,"Buzby & al., 2014",2010,2010,13199.5381,,
OTH,4. Others,TOTAL,Total,MILLIONKG,Million kg,FWVAR206,Food Supply - Poultry,SOURCE16,"Buzby & al., 2014",2010,2010,9979.032239,,
OTH,4. Others,TOTAL,Total,MILLIONKG,Million kg,FWVAR207,Food Supply - Processed Fruit,SOURCE16,"Buzby & al., 2014",2010,2010,12110.9164,,
OTH,4. Others,TOTAL,Total,MILLIONKG,Million kg,FWVAR208,Food Supply - Processed vegetables,SOURCE16,"Buzby & al., 2014",2010,2010,13789.20819,,
OTH,4. Others,TOTAL,Total,MILLIONKG,Million kg,FWVAR209,Food Supply - Tree nets and peanuts,SOURCE16,"Buzby & al., 2014",2010,2010,1587.573311,,
OTH,4. Others,TOTAL,Total,LOCALCURRENCYBYCAPITA,Local Currency/capita,FWVAR484,Total food supply,SOURCE16,"Buzby & al., 2014",2010,2010,1788,,
OTH,4. Others,TOTAL,Total,LOCALCURRENCYBYCAPITA,Local Currency/capita,FWVAR192,Food Supply - Added fats and oils,SOURCE16,"Buzby & al., 2014",2010,2010,111,,
OTH,4. Others,TOTAL,Total,LOCALCURRENCYBYCAPITA,Local Currency/capita,FWVAR193,Food Supply - Added sugar and sweeteners,SOURCE16,"Buzby & al., 2014",2010,2010,53,,
OTH,4. Others,TOTAL,Total,LOCALCURRENCYBYCAPITA,Local Currency/capita,FWVAR196,Food Supply - Eggs,SOURCE16,"Buzby & al., 2014",2010,2010,35,,
OTH,4. Others,TOTAL,Total,LOCALCURRENCYBYCAPITA,Local Currency/capita,FWVAR197,Food Supply - Fish and seafood,SOURCE16,"Buzby & al., 2014",2010,2010,80,,
OTH,4. Others,TOTAL,Total,LOCALCURRENCYBYCAPITA,Local Currency/capita,FWVAR198,Food Supply - Fluid milk,SOURCE16,"Buzby & al., 2014",2010,2010,65,,
OTH,4. Others,TOTAL,Total,LOCALCURRENCYBYCAPITA,Local Currency/capita,FWVAR199,Food Supply - Fresh Fruit,SOURCE16,"Buzby & al., 2014",2010,2010,120,,
OTH,4. Others,TOTAL,Total,LOCALCURRENCYBYCAPITA,Local Currency/capita,FWVAR200,Food Supply - Fresh vegetables,SOURCE16,"Buzby & al., 2014",2010,2010,201,,
OTH,4. Others,TOTAL,Total,LOCALCURRENCYBYCAPITA,Local Currency/capita,FWVAR202,Food Supply - Grain products,SOURCE16,"Buzby & al., 2014",2010,2010,117,,
OTH,4. Others,TOTAL,Total,LOCALCURRENCYBYCAPITA,Local Currency/capita,FWVAR203,Food Supply - Meat,SOURCE16,"Buzby & al., 2014",2010,2010,269,,
OTH,4. Others,TOTAL,Total,LOCALCURRENCYBYCAPITA,Local Currency/capita,FWVAR205,Food Supply - Other Dairy products,SOURCE16,"Buzby & al., 2014",2010,2010,231,,
OTH,4. Others,TOTAL,Total,LOCALCURRENCYBYCAPITA,Local Currency/capita,FWVAR206,Food Supply - Poultry,SOURCE16,"Buzby & al., 2014",2010,2010,238,,
OTH,4. Others,TOTAL,Total,LOCALCURRENCYBYCAPITA,Local Currency/capita,FWVAR207,Food Supply - Processed Fruit,SOURCE16,"Buzby & al., 2014",2010,2010,81,,
OTH,4. Others,TOTAL,Total,LOCALCURRENCYBYCAPITA,Local Currency/capita,FWVAR208,Food Supply - Processed vegetables,SOURCE16,"Buzby & al., 2014",2010,2010,150,,
OTH,4. Others,TOTAL,Total,LOCALCURRENCYBYCAPITA,Local Currency/capita,FWVAR209,Food Supply - Tree nets and peanuts,SOURCE16,"Buzby & al., 2014",2010,2010,39,,
OTH,4. Others,TOTAL,Total,MILLIONKG,Million kg,FWVAR55USA,Food available,SOURCE48,Kantor et al. 1997,1995,1995,161425.815,,
FLFW,1. Food loss - Food waste,TOTAL,Total,TONNES,tonnes,FWVAR9,Animal food waste,SOURCE62,OECD,1995,1995,18965100,,
FLFW,1. Food loss - Food waste,TOTAL,Total,TONNES,tonnes,FWVAR9,Animal food waste,SOURCE62,OECD,2000,2000,19972643.79,,
FLFW,1. Food loss - Food waste,TOTAL,Total,TONNES,tonnes,FWVAR9,Animal food waste,SOURCE62,OECD,2009,2009,20804428.5,,
FLFW,1. Food loss - Food waste,TOTAL,Total,TONNES,tonnes,FWVAR11USA,Animal waste generated,SOURCE62,OECD,1995,1995,18965100,,
FLFW,1. Food loss - Food waste,TOTAL,Total,TONNES,tonnes,FWVAR11USA,Animal waste generated,SOURCE62,OECD,2000,2000,20804400,,
FLFW,1. Food loss - Food waste,TOTAL,Total,TONNES,tonnes,FWVAR11USA,Animal waste generated,SOURCE62,OECD,2009,2009,20804400,,
FLFW,1. Food loss - Food waste,TOTAL,Total,TONNES,tonnes,FWVAR520,Vegetal food waste,SOURCE62,OECD,1995,1995,34354500,,
FLFW,1. Food loss - Food waste,TOTAL,Total,TONNES,tonnes,FWVAR520,Vegetal food waste,SOURCE62,OECD,2000,2000,37859910.43,,
FLFW,1. Food loss - Food waste,TOTAL,Total,TONNES,tonnes,FWVAR520,Vegetal food waste,SOURCE62,OECD,2009,2009,39584941.7,,
FLFW,1. Food loss - Food waste,TOTAL,Total,TONNES,tonnes,FWVAR522USA,Vegetal waste generated,SOURCE62,OECD,1995,1995,34354500,,
FLFW,1. Food loss - Food waste,TOTAL,Total,TONNES,tonnes,FWVAR522USA,Vegetal waste generated,SOURCE62,OECD,2000,2000,37859900,,
FLFW,1. Food loss - Food waste,TOTAL,Total,TONNES,tonnes,FWVAR522USA,Vegetal waste generated,SOURCE62,OECD,2009,2009,39584900,,
FLFW,1. Food loss - Food waste,TOTAL,Total,TONNES,tonnes,FWVAR213,Food Waste,SOURCE62,OECD,1995,1995,53319597.63,,
FLFW,1. Food loss - Food waste,TOTAL,Total,TONNES,tonnes,FWVAR213,Food Waste,SOURCE62,OECD,2000,2000,57832554.22,,
FLFW,1. Food loss - Food waste,TOTAL,Total,TONNES,tonnes,FWVAR213,Food Waste,SOURCE62,OECD,2009,2009,60389370.2,,